-- MariaDB dump 10.19  Distrib 10.5.12-MariaDB, for Linux (x86_64)
--
-- Host: mysql.hostinger.ro    Database: u574849695_23
-- ------------------------------------------------------
-- Server version	10.5.12-MariaDB-cll-lve

/*!40101 SET @OLD_CHARACTER_SET_CLIENT=@@CHARACTER_SET_CLIENT */;
/*!40101 SET @OLD_CHARACTER_SET_RESULTS=@@CHARACTER_SET_RESULTS */;
/*!40101 SET @OLD_COLLATION_CONNECTION=@@COLLATION_CONNECTION */;
/*!40101 SET NAMES utf8mb4 */;
/*!40103 SET @OLD_TIME_ZONE=@@TIME_ZONE */;
/*!40103 SET TIME_ZONE='+00:00' */;
/*!40014 SET @OLD_UNIQUE_CHECKS=@@UNIQUE_CHECKS, UNIQUE_CHECKS=0 */;
/*!40014 SET @OLD_FOREIGN_KEY_CHECKS=@@FOREIGN_KEY_CHECKS, FOREIGN_KEY_CHECKS=0 */;
/*!40101 SET @OLD_SQL_MODE=@@SQL_MODE, SQL_MODE='NO_AUTO_VALUE_ON_ZERO' */;
/*!40111 SET @OLD_SQL_NOTES=@@SQL_NOTES, SQL_NOTES=0 */;

--
-- Table structure for table `communities`
--

DROP TABLE IF EXISTS `communities`;
/*!40101 SET @saved_cs_client     = @@character_set_client */;
/*!40101 SET character_set_client = utf8 */;
CREATE TABLE `communities` (
  `id` bigint(20) unsigned NOT NULL AUTO_INCREMENT,
  `name` varchar(150) COLLATE utf8mb4_unicode_ci DEFAULT NULL,
  `admin_user_id` bigint(20) unsigned DEFAULT NULL,
  PRIMARY KEY (`id`),
  KEY `communities_name_idx` (`name`),
  KEY `admin_user_id` (`admin_user_id`),
  CONSTRAINT `communities_ibfk_1` FOREIGN KEY (`admin_user_id`) REFERENCES `users` (`id`) ON DELETE SET NULL ON UPDATE CASCADE
) ENGINE=InnoDB AUTO_INCREMENT=101 DEFAULT CHARSET=utf8mb4 COLLATE=utf8mb4_unicode_ci;
/*!40101 SET character_set_client = @saved_cs_client */;

--
-- Dumping data for table `communities`
--

LOCK TABLES `communities` WRITE;
/*!40000 ALTER TABLE `communities` DISABLE KEYS */;
INSERT INTO `communities` VALUES (1,'eos',1),(2,'architecto',2),(3,'eos',3),(4,'incidunt',4),(5,'id',5),(6,'vel',6),(7,'enim',7),(8,'voluptas',8),(9,'deserunt',9),(10,'sed',10),(11,'recusandae',11),(12,'porro',12),(13,'qui',13),(14,'repellendus',14),(15,'rerum',15),(16,'ab',16),(17,'minima',17),(18,'tenetur',18),(19,'adipisci',19),(20,'similique',20),(21,'labore',21),(22,'aliquid',22),(23,'provident',23),(24,'beatae',24),(25,'earum',25),(26,'eos',26),(27,'nulla',27),(28,'reprehenderit',28),(29,'aut',29),(30,'eveniet',30),(31,'ut',31),(32,'qui',32),(33,'magni',33),(34,'aut',34),(35,'numquam',35),(36,'voluptatem',36),(37,'porro',37),(38,'et',38),(39,'nisi',39),(40,'et',40),(41,'explicabo',41),(42,'officia',42),(43,'quibusdam',43),(44,'optio',44),(45,'occaecati',45),(46,'praesentium',46),(47,'sed',47),(48,'consequatur',48),(49,'et',49),(50,'possimus',50),(51,'odio',51),(52,'consequatur',52),(53,'laborum',53),(54,'qui',54),(55,'aperiam',55),(56,'assumenda',56),(57,'hic',57),(58,'reiciendis',58),(59,'repellat',59),(60,'aut',60),(61,'eum',61),(62,'at',62),(63,'atque',63),(64,'labore',64),(65,'vitae',65),(66,'ipsum',66),(67,'quod',67),(68,'vero',68),(69,'et',69),(70,'optio',70),(71,'eius',71),(72,'id',72),(73,'et',73),(74,'deleniti',74),(75,'consequatur',75),(76,'iste',76),(77,'ea',77),(78,'et',78),(79,'officia',79),(80,'ut',80),(81,'quia',81),(82,'dignissimos',82),(83,'aliquam',83),(84,'cupiditate',84),(85,'quia',85),(86,'mollitia',86),(87,'qui',87),(88,'et',88),(89,'ipsam',89),(90,'corrupti',90),(91,'nihil',91),(92,'et',92),(93,'corporis',93),(94,'sed',94),(95,'ad',95),(96,'eveniet',96),(97,'quas',97),(98,'id',98),(99,'dolorum',99),(100,'velit',100);
/*!40000 ALTER TABLE `communities` ENABLE KEYS */;
UNLOCK TABLES;

--
-- Table structure for table `friend_requests`
--

DROP TABLE IF EXISTS `friend_requests`;
/*!40101 SET @saved_cs_client     = @@character_set_client */;
/*!40101 SET character_set_client = utf8 */;
CREATE TABLE `friend_requests` (
  `initiator_user_id` bigint(20) unsigned NOT NULL,
  `target_user_id` bigint(20) unsigned NOT NULL,
  `status` enum('requested','approved','declined','unfriended') COLLATE utf8mb4_unicode_ci DEFAULT NULL,
  `requested_at` datetime DEFAULT current_timestamp(),
  `updated_at` datetime DEFAULT NULL ON UPDATE current_timestamp(),
  PRIMARY KEY (`initiator_user_id`,`target_user_id`),
  KEY `target_user_id` (`target_user_id`),
  CONSTRAINT `friend_requests_ibfk_1` FOREIGN KEY (`initiator_user_id`) REFERENCES `users` (`id`) ON DELETE CASCADE ON UPDATE CASCADE,
  CONSTRAINT `friend_requests_ibfk_2` FOREIGN KEY (`target_user_id`) REFERENCES `users` (`id`) ON DELETE CASCADE ON UPDATE CASCADE
) ENGINE=InnoDB DEFAULT CHARSET=utf8mb4 COLLATE=utf8mb4_unicode_ci;
/*!40101 SET character_set_client = @saved_cs_client */;

--
-- Dumping data for table `friend_requests`
--

LOCK TABLES `friend_requests` WRITE;
/*!40000 ALTER TABLE `friend_requests` DISABLE KEYS */;
INSERT INTO `friend_requests` VALUES (1,1,'unfriended','2012-10-09 07:53:13','1988-06-25 21:14:12'),(2,2,'declined','1995-12-27 04:26:30','2006-07-29 10:26:51'),(3,3,'approved','1989-10-22 17:21:03','2002-02-09 06:44:25'),(4,4,'unfriended','1990-07-28 23:42:26','2011-03-09 08:14:27'),(5,5,'unfriended','2008-05-19 01:53:37','2019-10-15 06:44:36'),(6,6,'unfriended','1996-01-06 11:25:31','1990-11-22 20:17:21'),(7,7,'declined','2010-04-01 23:42:26','2001-06-03 18:56:52'),(8,8,'unfriended','1991-11-29 03:49:10','1978-07-12 07:27:29'),(9,9,'requested','1995-10-06 03:25:22','2009-04-09 02:38:58'),(10,10,'approved','1994-05-19 11:18:24','2009-07-30 16:55:28'),(11,11,'requested','1974-01-08 06:21:30','1989-07-28 10:09:10'),(12,12,'requested','1989-06-29 19:18:12','1986-02-06 20:44:45'),(13,13,'approved','2000-03-25 08:13:40','1997-11-14 21:39:39'),(14,14,'unfriended','2020-10-16 22:27:44','1994-08-16 06:55:25'),(15,15,'requested','2009-09-24 00:16:33','1975-04-30 11:28:55'),(16,16,'approved','1970-07-23 01:33:19','1978-04-02 14:45:23'),(17,17,'declined','1995-08-21 19:12:12','1998-12-25 18:34:30'),(18,18,'declined','2004-08-09 02:57:27','1998-02-28 22:33:50'),(19,19,'unfriended','2020-11-28 10:05:24','1987-11-16 16:23:01'),(20,20,'requested','2008-04-30 18:51:15','2019-09-25 14:34:20'),(21,21,'unfriended','2020-12-06 17:56:58','1984-08-31 22:26:14'),(22,22,'approved','2003-03-24 08:25:12','1981-01-07 12:41:45'),(23,23,'requested','2014-05-10 05:59:40','2019-04-15 08:38:24'),(24,24,'approved','2021-07-11 10:17:21','2019-05-12 23:23:13'),(25,25,'approved','1985-06-02 06:07:51','2015-03-28 04:29:15'),(26,26,'approved','2015-11-19 05:21:16','2020-01-10 08:29:54'),(27,27,'unfriended','2006-09-16 06:12:37','1993-01-26 05:16:30'),(28,28,'requested','1988-01-14 19:57:03','1985-04-18 05:32:59'),(29,29,'approved','1980-03-23 17:16:46','2008-11-12 21:48:49'),(30,30,'declined','2016-09-14 15:12:46','1985-01-02 07:55:00'),(31,31,'declined','2019-06-13 08:08:36','1991-02-16 04:11:32'),(32,32,'declined','1981-11-16 19:21:49','1979-06-27 09:45:08'),(33,33,'requested','1982-08-02 08:31:04','1980-02-25 06:04:22'),(34,34,'declined','2012-02-16 03:54:30','1978-05-03 15:42:40'),(35,35,'declined','2019-10-10 13:42:32','2012-12-31 15:43:28'),(36,36,'requested','1977-04-29 14:52:08','1993-12-26 17:26:15'),(37,37,'unfriended','2021-12-15 22:07:46','2005-02-17 03:40:13'),(38,38,'requested','1987-09-30 07:57:59','2020-06-04 07:09:11'),(39,39,'requested','1972-11-19 12:29:17','1989-08-17 11:41:47'),(40,40,'approved','2004-07-24 11:11:20','2012-11-28 18:59:22'),(41,41,'unfriended','1996-10-03 18:06:17','1979-10-08 04:53:26'),(42,42,'requested','2015-08-31 04:10:34','2006-04-05 08:09:09'),(43,43,'declined','2004-03-04 02:38:10','1985-04-21 01:56:46'),(44,44,'requested','1983-01-15 06:37:42','1979-12-24 15:58:03'),(45,45,'requested','1977-12-20 06:57:31','1991-06-09 18:28:57'),(46,46,'requested','1980-11-10 13:18:43','2020-08-19 07:00:59'),(47,47,'unfriended','2018-03-21 11:09:28','2019-12-19 08:31:59'),(48,48,'unfriended','1992-07-07 18:09:13','1992-07-28 17:23:04'),(49,49,'declined','1975-11-01 19:02:18','1978-01-08 10:41:09'),(50,50,'approved','2009-09-09 13:11:45','1974-09-25 19:41:38'),(51,51,'approved','1978-08-21 07:11:31','1972-12-26 14:01:06'),(52,52,'unfriended','1992-05-08 19:05:26','2005-04-27 12:50:42'),(53,53,'approved','2017-04-11 13:03:22','1997-03-15 03:12:45'),(54,54,'approved','2015-08-29 20:52:19','1985-05-23 13:55:41'),(55,55,'requested','2021-10-02 23:57:16','2016-11-12 21:24:28'),(56,56,'unfriended','1985-10-20 01:08:08','2003-10-28 14:10:22'),(57,57,'unfriended','1971-11-25 10:26:43','1980-03-31 05:30:30'),(58,58,'declined','1979-11-09 05:46:32','1978-01-23 15:55:10'),(59,59,'approved','1973-09-26 03:14:52','1977-02-12 16:29:21'),(60,60,'approved','2007-11-14 00:18:00','2012-11-20 10:47:19'),(61,61,'declined','2016-05-05 01:09:28','1970-09-25 13:09:32'),(62,62,'declined','1976-02-18 12:23:32','2018-08-29 18:45:26'),(63,63,'unfriended','2002-02-26 02:02:18','2005-01-27 05:17:51'),(64,64,'declined','1990-01-15 12:27:24','1973-05-05 01:45:30'),(65,65,'declined','1996-03-08 17:46:31','2009-11-10 06:42:54'),(66,66,'requested','2015-04-01 09:22:58','1973-03-21 22:32:54'),(67,67,'unfriended','2015-09-17 14:38:21','1986-05-26 15:46:51'),(68,68,'requested','2015-01-10 17:58:35','1984-05-15 19:43:39'),(69,69,'unfriended','1981-06-04 11:06:55','2002-08-25 02:39:13'),(70,70,'approved','2010-10-23 10:24:02','1994-03-04 07:03:33'),(71,71,'unfriended','1996-03-20 12:45:41','2000-05-26 03:02:26'),(72,72,'approved','2016-08-16 05:36:54','1997-01-17 11:52:50'),(73,73,'requested','2000-05-06 01:25:53','1992-03-12 12:38:48'),(74,74,'approved','2002-10-05 05:51:15','1979-07-22 05:31:24'),(75,75,'declined','1992-11-09 15:47:21','2021-02-01 06:05:38'),(76,76,'requested','2010-12-18 12:44:59','1970-05-13 08:42:28'),(77,77,'unfriended','1981-05-07 09:56:21','1972-01-10 22:32:26'),(78,78,'declined','1999-02-16 06:46:56','2017-12-26 09:34:59'),(79,79,'unfriended','2013-11-16 10:05:08','2016-07-26 22:38:05'),(80,80,'requested','2012-08-23 03:51:20','2016-08-24 20:14:48'),(81,81,'approved','2018-09-19 12:11:43','1986-06-30 15:23:02'),(82,82,'requested','1988-09-29 17:49:04','2020-02-10 12:07:06'),(83,83,'declined','2003-11-29 01:02:23','1982-06-15 20:48:15'),(84,84,'approved','1976-05-20 07:38:54','1998-05-19 21:35:01'),(85,85,'unfriended','1998-11-19 18:15:26','1978-08-30 05:37:48'),(86,86,'unfriended','2011-03-31 19:41:05','2012-09-23 20:38:30'),(87,87,'approved','2011-08-19 03:14:55','2017-06-20 16:07:08'),(88,88,'unfriended','2012-09-21 05:51:11','1974-07-01 14:29:03'),(89,89,'declined','1973-12-19 03:02:22','2005-01-18 21:58:30'),(90,90,'approved','1979-04-30 09:41:02','2020-04-11 06:36:59'),(91,91,'declined','2013-06-25 10:52:32','1999-03-18 04:08:43'),(92,92,'approved','2003-05-06 20:39:28','1973-04-05 00:08:25'),(93,93,'requested','1989-09-25 00:23:01','1975-11-19 07:28:10'),(94,94,'declined','2010-04-03 08:52:31','2013-03-03 02:50:40'),(95,95,'declined','2018-02-07 12:11:28','1977-12-13 09:30:44'),(96,96,'unfriended','1986-06-19 09:09:38','1970-02-05 20:07:22'),(97,97,'declined','1982-02-01 18:06:51','2013-10-21 06:42:40'),(98,98,'declined','1987-02-16 10:11:19','2009-08-12 00:13:28'),(99,99,'requested','1990-11-01 16:21:54','1983-12-18 17:21:04'),(100,100,'unfriended','1994-02-02 12:20:29','1993-05-11 05:19:02');
/*!40000 ALTER TABLE `friend_requests` ENABLE KEYS */;
UNLOCK TABLES;

--
-- Table structure for table `likes`
--

DROP TABLE IF EXISTS `likes`;
/*!40101 SET @saved_cs_client     = @@character_set_client */;
/*!40101 SET character_set_client = utf8 */;
CREATE TABLE `likes` (
  `id` bigint(20) unsigned NOT NULL AUTO_INCREMENT,
  `user_id` bigint(20) unsigned NOT NULL,
  `media_id` bigint(20) unsigned NOT NULL,
  `created_at` datetime DEFAULT current_timestamp(),
  PRIMARY KEY (`id`),
  KEY `user_id` (`user_id`),
  KEY `media_id` (`media_id`),
  CONSTRAINT `likes_ibfk_1` FOREIGN KEY (`user_id`) REFERENCES `users` (`id`) ON DELETE CASCADE ON UPDATE CASCADE,
  CONSTRAINT `likes_ibfk_2` FOREIGN KEY (`media_id`) REFERENCES `media` (`id`) ON DELETE CASCADE ON UPDATE CASCADE
) ENGINE=InnoDB AUTO_INCREMENT=101 DEFAULT CHARSET=utf8mb4 COLLATE=utf8mb4_unicode_ci;
/*!40101 SET character_set_client = @saved_cs_client */;

--
-- Dumping data for table `likes`
--

LOCK TABLES `likes` WRITE;
/*!40000 ALTER TABLE `likes` DISABLE KEYS */;
INSERT INTO `likes` VALUES (1,1,1,'1979-11-24 22:03:45'),(2,2,2,'1972-03-22 17:02:43'),(3,3,3,'1993-02-02 22:55:45'),(4,4,4,'1974-09-26 08:24:09'),(5,5,5,'1983-04-27 16:09:11'),(6,6,6,'2004-03-19 17:23:02'),(7,7,7,'1973-07-08 16:46:54'),(8,8,8,'1987-10-31 18:59:01'),(9,9,9,'2008-01-08 11:18:15'),(10,10,10,'2012-08-21 14:47:16'),(11,11,11,'2000-07-22 19:49:08'),(12,12,12,'1998-05-08 20:23:47'),(13,13,13,'2011-12-31 19:05:54'),(14,14,14,'1973-05-28 14:46:19'),(15,15,15,'1995-05-27 05:15:27'),(16,16,16,'2018-04-29 15:41:23'),(17,17,17,'2004-04-25 16:14:54'),(18,18,18,'2012-10-01 16:36:13'),(19,19,19,'1990-12-21 04:12:00'),(20,20,20,'2008-04-26 03:35:07'),(21,21,21,'1981-10-03 19:22:54'),(22,22,22,'2008-08-09 11:59:10'),(23,23,23,'1993-12-20 19:32:50'),(24,24,24,'1976-02-21 19:12:13'),(25,25,25,'1987-06-02 23:18:55'),(26,26,26,'2013-08-21 13:26:06'),(27,27,27,'2004-10-20 06:41:12'),(28,28,28,'1974-07-08 10:06:47'),(29,29,29,'1990-04-06 21:30:40'),(30,30,30,'1980-10-14 09:01:26'),(31,31,31,'1984-11-22 06:51:59'),(32,32,32,'1984-01-28 20:04:09'),(33,33,33,'1974-07-01 00:27:41'),(34,34,34,'1972-12-02 22:01:10'),(35,35,35,'2000-10-26 02:47:21'),(36,36,36,'2000-10-03 16:50:05'),(37,37,37,'1980-03-16 10:02:55'),(38,38,38,'2013-08-18 19:02:14'),(39,39,39,'1981-03-12 23:51:07'),(40,40,40,'1971-12-13 20:58:16'),(41,41,41,'1970-05-23 18:39:49'),(42,42,42,'1971-02-21 11:33:38'),(43,43,43,'2008-07-05 21:41:27'),(44,44,44,'1970-09-22 07:41:27'),(45,45,45,'2009-01-18 20:56:50'),(46,46,46,'1979-08-07 21:01:40'),(47,47,47,'1974-05-01 12:33:31'),(48,48,48,'2018-09-04 08:46:05'),(49,49,49,'1999-01-05 19:07:07'),(50,50,50,'2002-05-13 06:01:20'),(51,51,51,'1986-04-29 23:50:38'),(52,52,52,'2010-11-02 03:09:49'),(53,53,53,'1998-05-14 13:50:04'),(54,54,54,'2016-03-11 13:20:04'),(55,55,55,'2012-01-11 05:54:17'),(56,56,56,'1991-03-08 08:21:53'),(57,57,57,'2005-03-19 00:26:21'),(58,58,58,'1991-07-19 20:42:49'),(59,59,59,'1977-02-15 14:19:23'),(60,60,60,'1979-08-24 10:43:04'),(61,61,61,'1974-07-11 20:58:50'),(62,62,62,'2010-02-17 18:18:47'),(63,63,63,'2009-01-12 15:25:33'),(64,64,64,'1983-02-24 14:04:38'),(65,65,65,'1995-02-22 19:28:42'),(66,66,66,'2012-03-16 04:37:08'),(67,67,67,'1990-01-19 00:02:18'),(68,68,68,'2010-01-02 15:18:47'),(69,69,69,'1993-09-07 07:39:19'),(70,70,70,'1982-11-10 20:38:34'),(71,71,71,'1987-08-08 06:47:52'),(72,72,72,'2021-09-22 07:02:46'),(73,73,73,'2005-12-16 23:31:07'),(74,74,74,'2008-12-25 12:54:42'),(75,75,75,'2001-07-04 23:35:45'),(76,76,76,'2008-08-22 11:08:25'),(77,77,77,'2008-09-11 01:48:52'),(78,78,78,'2013-09-20 17:25:05'),(79,79,79,'1978-04-12 10:14:56'),(80,80,80,'2017-10-12 01:50:59'),(81,81,81,'1986-07-08 23:39:01'),(82,82,82,'1991-12-19 03:05:05'),(83,83,83,'1995-07-30 02:05:50'),(84,84,84,'2020-11-19 02:23:27'),(85,85,85,'1986-05-23 16:42:33'),(86,86,86,'1997-08-20 03:11:31'),(87,87,87,'1989-04-13 07:43:41'),(88,88,88,'1973-05-17 17:38:01'),(89,89,89,'1993-11-14 16:35:45'),(90,90,90,'2021-11-17 02:31:12'),(91,91,91,'1981-10-29 11:23:28'),(92,92,92,'2000-02-06 03:36:12'),(93,93,93,'2011-05-04 15:13:28'),(94,94,94,'1981-05-27 18:10:58'),(95,95,95,'1992-06-17 21:20:30'),(96,96,96,'1989-12-21 22:09:36'),(97,97,97,'2001-09-10 21:21:04'),(98,98,98,'1984-08-25 16:26:57'),(99,99,99,'2010-07-14 01:45:00'),(100,100,100,'2006-11-09 00:32:22');
/*!40000 ALTER TABLE `likes` ENABLE KEYS */;
UNLOCK TABLES;

--
-- Table structure for table `media`
--

DROP TABLE IF EXISTS `media`;
/*!40101 SET @saved_cs_client     = @@character_set_client */;
/*!40101 SET character_set_client = utf8 */;
CREATE TABLE `media` (
  `id` bigint(20) unsigned NOT NULL AUTO_INCREMENT,
  `media_type_id` bigint(20) unsigned DEFAULT NULL,
  `user_id` bigint(20) unsigned NOT NULL,
  `body` text COLLATE utf8mb4_unicode_ci DEFAULT NULL,
  `filename` varchar(255) COLLATE utf8mb4_unicode_ci DEFAULT NULL,
  `size` int(11) DEFAULT NULL,
  `metadata` longtext CHARACTER SET utf8mb4 COLLATE utf8mb4_bin DEFAULT NULL CHECK (json_valid(`metadata`)),
  `created_at` datetime DEFAULT current_timestamp(),
  `updated_at` datetime DEFAULT current_timestamp() ON UPDATE current_timestamp(),
  PRIMARY KEY (`id`),
  KEY `user_id` (`user_id`),
  KEY `media_type_id` (`media_type_id`),
  CONSTRAINT `media_ibfk_1` FOREIGN KEY (`user_id`) REFERENCES `users` (`id`) ON DELETE CASCADE ON UPDATE CASCADE,
  CONSTRAINT `media_ibfk_2` FOREIGN KEY (`media_type_id`) REFERENCES `media_types` (`id`) ON DELETE SET NULL ON UPDATE CASCADE
) ENGINE=InnoDB AUTO_INCREMENT=101 DEFAULT CHARSET=utf8mb4 COLLATE=utf8mb4_unicode_ci;
/*!40101 SET character_set_client = @saved_cs_client */;

--
-- Dumping data for table `media`
--

LOCK TABLES `media` WRITE;
/*!40000 ALTER TABLE `media` DISABLE KEYS */;
INSERT INTO `media` VALUES (1,1,1,'Omnis repellat est officia accusantium voluptatem molestiae veniam neque. Aliquid sequi officia atque et dolore magnam. Iure nam voluptatibus quos et ut in minima. Impedit dolor praesentium fuga eos consequuntur.','aut',665551,NULL,'1978-10-23 21:53:39','1997-12-06 16:27:59'),(2,2,2,'Aut non doloremque esse et pariatur. Officia molestiae et consectetur. Magnam similique dolorem ipsa officia dolor est corporis. Qui rerum ullam molestias culpa ipsa vitae.','labore',634,NULL,'2005-02-06 22:22:26','1979-02-18 02:23:38'),(3,3,3,'Voluptatem consectetur voluptatem ullam voluptate culpa numquam eaque. Reiciendis magni in velit rerum asperiores ullam. Natus neque libero aliquam laborum reiciendis. Est architecto aut omnis eligendi.','voluptatem',61,NULL,'1988-03-13 08:35:30','2019-03-24 00:00:02'),(4,4,4,'A minus non ut. Et ut veritatis dicta quibusdam dolore dolor voluptatem.','harum',91108655,NULL,'1997-04-06 12:11:32','1980-06-22 14:34:55'),(5,5,5,'Laborum nesciunt explicabo doloribus. Placeat nihil et voluptas quia. Provident enim quo esse corrupti quas blanditiis dicta earum. Et ea inventore at perspiciatis reiciendis.','dolor',0,NULL,'1974-11-17 20:05:37','1970-03-17 16:28:44'),(6,6,6,'Dolores dolores aut non ut commodi. Expedita ab quis et possimus quis qui. Corrupti vero fugit inventore necessitatibus iure non.','aut',655847595,NULL,'1981-02-20 23:45:10','2008-12-21 09:58:02'),(7,7,7,'Nihil incidunt repellat iusto deleniti hic aperiam a. Et molestiae impedit quia tenetur culpa. Voluptate laborum et eligendi soluta.','velit',1,NULL,'2021-05-16 17:01:04','1970-10-10 00:21:15'),(8,8,8,'Amet expedita recusandae et at sed. Omnis assumenda culpa repellat sint officia voluptatem veniam soluta. Eveniet quis sit omnis occaecati.','ad',6,NULL,'2008-06-13 05:41:21','2003-08-28 03:32:50'),(9,9,9,'Exercitationem quam debitis rerum odio maiores nemo voluptas. Quam ex voluptas voluptates sunt quia tenetur omnis. Sed eligendi ex mollitia beatae.','nulla',0,NULL,'1981-06-22 12:01:26','2008-10-22 17:07:06'),(10,10,10,'Facere quia quod aut totam est ut in. Necessitatibus nihil quidem exercitationem doloribus. Est veritatis omnis consequuntur sit.','et',277911668,NULL,'2020-02-24 00:13:49','1975-06-25 04:08:44'),(11,11,11,'Tempore tempore deserunt dolorum sit id quo. Incidunt officiis quos qui labore dolorum.','et',2397658,NULL,'1983-07-04 05:30:39','2018-04-10 01:44:07'),(12,12,12,'Quia iure libero vero aut laborum sit quam. Modi quia voluptas consequatur odio. Et quis incidunt quis vero tempora aut accusantium.','est',77625665,NULL,'1979-01-13 01:06:07','1974-10-23 14:41:18'),(13,13,13,'Est officiis tempora cum tenetur consequatur ratione cum. Eos et est unde maiores voluptatem alias. Quo aperiam rerum adipisci quia.','ipsa',0,NULL,'1978-09-13 05:12:40','1997-02-23 20:25:18'),(14,14,14,'Error aperiam nam voluptate ea dicta. Vero tenetur quidem aut ipsam officiis eum inventore. Voluptatum dignissimos sit quidem autem quas.','omnis',2,NULL,'1992-01-29 10:12:08','1978-08-18 13:34:28'),(15,15,15,'Est ab vel repellat in. Consequatur fugit fugit voluptas fugit iure sed corrupti quo. Dicta adipisci quia aut corporis ullam aliquid vel reprehenderit.','veniam',540,NULL,'2015-10-29 22:45:44','2001-04-28 00:08:08'),(16,16,16,'Perferendis voluptas consequatur non ut eum et et. Blanditiis voluptatum et et laboriosam. Illum unde voluptatem voluptate sunt qui incidunt earum. Excepturi quisquam necessitatibus voluptatum quia pariatur dolorem nobis.','doloribus',9831,NULL,'1993-04-13 23:14:57','1998-02-14 08:16:46'),(17,17,17,'Voluptatem et quos voluptas sit eos quibusdam molestiae. Sit qui iste qui est aspernatur.','voluptas',5,NULL,'2008-06-30 00:43:32','1978-04-04 02:58:37'),(18,18,18,'Maiores eaque quisquam nihil aut. Sit sunt et dolor voluptate. Error omnis modi qui modi id praesentium est velit. Et ab dignissimos nihil.','nostrum',48,NULL,'1982-03-17 21:21:02','2019-01-29 16:33:53'),(19,19,19,'Quasi quasi sed impedit hic et minima minima. Ut deserunt nulla quia fuga consequatur facilis. Illum itaque optio ut rerum atque est.','suscipit',688,NULL,'2002-06-09 10:04:51','2002-04-20 07:32:40'),(20,20,20,'Blanditiis cupiditate in molestias aspernatur in officia vel. Qui ipsum velit repudiandae voluptatem distinctio et dolores. Animi et nam nam necessitatibus deleniti eum et. Accusantium assumenda molestiae laboriosam occaecati odio quaerat rem.','quibusdam',23434086,NULL,'1977-02-27 09:00:33','2005-06-11 23:20:16'),(21,21,21,'Inventore consequatur fugiat dolorum dolor non reiciendis. Incidunt est nobis est aut. Eligendi non architecto velit officiis. Error tempore nobis natus aut culpa consequuntur animi.','tempora',7818820,NULL,'2017-07-05 20:42:20','2006-07-26 11:54:27'),(22,22,22,'Labore nesciunt esse esse. Adipisci itaque quisquam architecto consequatur illum nostrum. Dolore sit sunt explicabo et minus. Numquam dignissimos temporibus non quo quo voluptatem quas.','voluptatem',8110,NULL,'2000-01-29 01:57:28','1998-06-06 09:54:21'),(23,23,23,'Ut recusandae aut est sed aperiam. Aut cum impedit et excepturi odit velit. Deserunt velit est labore nam ut ab voluptas tempore.','rerum',122,NULL,'1988-01-14 17:23:54','2006-01-07 02:06:01'),(24,24,24,'Et ut voluptatem nostrum ab dolore. Minima debitis qui quasi dolor quisquam laudantium odit. Molestias non aut fugiat totam culpa debitis et.','in',0,NULL,'1989-01-02 16:36:14','2006-04-11 23:19:31'),(25,25,25,'Nesciunt non perspiciatis harum earum. Non sunt in architecto debitis molestiae.','est',0,NULL,'1990-08-29 04:53:06','2007-07-27 21:20:35'),(26,26,26,'Assumenda excepturi alias enim neque maiores ea. Error rerum nesciunt et in animi unde est. Cupiditate atque adipisci quam dicta rerum illum architecto. Rerum aut sapiente quam voluptatem.','aspernatur',5759960,NULL,'1978-01-20 23:30:30','1976-05-11 19:48:21'),(27,27,27,'Maiores amet enim fuga deserunt odio. Sit cupiditate reiciendis modi aut qui sunt totam. Consequuntur consectetur omnis vel a eveniet sed.','quia',0,NULL,'1988-06-11 22:32:02','1972-03-08 13:04:47'),(28,28,28,'Dignissimos alias quia consectetur aliquam quas consequuntur nam consequatur. Cupiditate totam laudantium eius quis praesentium recusandae maxime. Cupiditate nesciunt fugit iste molestiae.','et',6917524,NULL,'1988-10-18 21:59:20','2021-03-22 22:05:12'),(29,29,29,'Aut qui tempora enim nemo. Cumque omnis eveniet qui rerum possimus et. Temporibus nihil vero quidem quod. Error similique accusamus quia perferendis quam.','qui',44379502,NULL,'1992-06-18 21:08:23','2005-01-11 13:13:02'),(30,30,30,'Assumenda voluptatem labore libero esse. Aliquam labore necessitatibus placeat ipsam voluptatem ut id. Ducimus quia libero reiciendis omnis. Sapiente asperiores est explicabo consequatur.','sit',114308,NULL,'1990-06-13 13:07:05','1989-02-17 02:34:08'),(31,31,31,'Et est corrupti dignissimos consequatur corporis eos culpa maiores. Incidunt ut rerum voluptatem. Voluptate dolorem quo fugit asperiores doloremque. Voluptate placeat quam qui in sequi molestias illum.','nulla',897,NULL,'1974-08-12 23:33:27','2019-05-19 03:36:20'),(32,32,32,'Qui aspernatur consectetur dicta rerum odit optio. Earum ipsam voluptas molestiae repellat nobis. Autem quisquam dolorem quam quam impedit deserunt dolores. Dolorum consequatur vel hic quis. Sit fugit quos eum autem.','eum',268,NULL,'2020-02-25 10:45:46','1999-11-02 23:09:29'),(33,33,33,'Qui tempore provident at consectetur quisquam exercitationem nobis. Consequatur nihil architecto dolor ipsa.','et',6223453,NULL,'1979-10-05 13:48:23','2012-08-04 20:56:47'),(34,34,34,'Animi inventore dolore ut sit est in quisquam. Ipsum quidem ipsam eius. Et possimus omnis minus repudiandae ut. Nam ut corporis voluptatem et fuga dolore. Odit laudantium veritatis eum.','repellat',650109,NULL,'1972-05-10 01:05:23','2000-08-27 08:42:41'),(35,35,35,'Non et aperiam cupiditate. Nemo optio accusantium rerum occaecati quis eligendi aperiam. Qui ex perferendis odit unde ducimus perspiciatis quae. Incidunt sit sapiente sint minima suscipit accusantium fuga voluptatem.','eveniet',739,NULL,'1985-10-26 03:44:29','1997-04-15 02:44:08'),(36,36,36,'Nam consequuntur omnis sapiente provident. Delectus quod nam dolores. Est ea nesciunt mollitia quis et non dolorem.','veritatis',5279398,NULL,'1972-05-13 06:39:10','2014-09-13 06:03:50'),(37,37,37,'Aut veniam rerum beatae reiciendis sed et delectus quas. Maxime corrupti distinctio repellendus excepturi. Optio voluptatem sint et perferendis quia id.','ullam',520,NULL,'1977-01-18 08:17:33','1997-08-22 15:55:09'),(38,38,38,'Odit dolorum corporis ut eos dignissimos voluptatem dolores. Dolores assumenda aspernatur beatae ex provident. Distinctio et maxime dolores. Deserunt sequi perferendis accusantium eum odit.','et',3587,NULL,'1972-11-17 13:21:52','1998-01-23 03:23:31'),(39,39,39,'Blanditiis quia error qui magnam dignissimos adipisci voluptatem consectetur. Quis aut dolor aut ut perspiciatis omnis aut. Nobis voluptates illo accusantium asperiores necessitatibus eum.','cum',544559517,NULL,'2004-09-18 07:52:59','1996-06-16 23:45:33'),(40,40,40,'Nobis quae non dolorum voluptas dolor iusto. Consectetur nostrum repellendus animi aliquam. Et delectus veniam dicta consequatur qui quia. Officia ipsam earum et fugit quaerat sint tenetur.','et',780,NULL,'1987-09-27 07:21:45','1985-05-17 17:12:05'),(41,41,41,'Sit voluptate cupiditate minima magnam. Et ex et quod illo dolores. Optio corporis qui beatae iste natus atque. Fugiat ut quaerat sunt vel rerum ut consectetur ut.','dolores',101,NULL,'1991-04-28 17:49:56','1970-01-28 20:37:12'),(42,42,42,'Sint et cum quidem maxime ad dolores. Laboriosam reprehenderit asperiores at numquam autem. Natus sit adipisci ut ullam quis necessitatibus impedit. Dolore nemo ad et qui.','est',516266309,NULL,'1996-03-10 12:22:02','1972-10-03 06:11:32'),(43,43,43,'Ullam qui placeat vel tenetur reprehenderit expedita quae odio. Voluptatum odio quia et aut quos quo sit. Qui quisquam molestiae similique.','suscipit',1362,NULL,'1971-10-07 23:54:00','2007-05-02 12:50:15'),(44,44,44,'Enim et ducimus consectetur itaque. Odio omnis adipisci maxime doloremque ut et. Perferendis eveniet itaque qui.','iusto',0,NULL,'1977-06-23 16:53:26','2017-07-07 23:48:08'),(45,45,45,'Officia magni illo accusantium et unde nobis aut. At id voluptas deserunt cum optio laborum. Itaque sed deleniti eos molestiae dolorem nulla reprehenderit. Amet ullam doloremque tenetur adipisci.','saepe',9,NULL,'1998-01-24 08:19:18','1973-04-22 01:29:09'),(46,46,46,'Repudiandae odio quo ad sed non necessitatibus. Sapiente porro perspiciatis illum pariatur. Unde in ratione asperiores corporis atque esse molestiae.','consequatur',44,NULL,'1986-03-06 13:19:18','1978-06-19 00:37:50'),(47,47,47,'Qui labore molestiae illum maxime error. Quo minus quis eum quis. Accusamus optio consectetur voluptate.','impedit',1654934,NULL,'2021-07-02 17:48:47','2008-07-01 06:29:19'),(48,48,48,'Corporis nihil tempora et laboriosam tenetur sapiente aut. Facere dolor tempore odit vel est in quo et. Occaecati perspiciatis porro vero consequuntur itaque quasi. Et veritatis quas ut ratione ea aut.','beatae',57,NULL,'1988-05-17 16:05:24','1986-05-03 01:31:35'),(49,49,49,'Dicta quibusdam facere eum odit rerum eaque magni. Consectetur debitis laboriosam quaerat et sed assumenda. Aliquam voluptas accusantium molestias. Cupiditate dolores rerum nihil et earum consectetur.','inventore',959652509,NULL,'1981-08-23 22:16:41','1996-03-27 05:45:32'),(50,50,50,'Maiores rerum ex ducimus commodi. Qui dolorum incidunt incidunt quibusdam. Cupiditate quisquam sunt eveniet ipsa at. Quibusdam cumque nihil assumenda consectetur architecto aut beatae ut.','est',0,NULL,'1979-03-21 10:57:16','1980-07-05 06:03:57'),(51,51,51,'Illum ipsa voluptatem qui tenetur iusto ut. Asperiores rerum vero similique velit consequatur. Aut fugit pariatur explicabo dignissimos ipsum. Sint labore libero id qui dolorem inventore voluptatum.','iste',93922996,NULL,'2004-08-10 23:09:33','2012-08-18 04:07:50'),(52,52,52,'Veniam quia qui itaque aut maiores. Alias non ut fugiat.','libero',62,NULL,'2017-10-04 22:05:20','2013-08-31 08:49:57'),(53,53,53,'Odio id ab eos aut esse iste debitis. Quibusdam et accusamus laboriosam molestiae voluptatem. Eius commodi voluptate commodi temporibus qui deleniti. Corporis architecto laborum nemo dolores explicabo ipsam dolorem.','magni',374,NULL,'1974-06-12 22:01:42','2013-05-18 10:19:32'),(54,54,54,'Tenetur eius maxime ea omnis quaerat dolores et. Et asperiores esse praesentium fugiat omnis ea dolore sint. Id error vero explicabo unde et ut unde. Laborum perferendis amet nihil ipsam doloribus.','tempora',647612,NULL,'1988-11-18 04:43:46','1991-06-20 08:00:33'),(55,55,55,'Error sit beatae voluptas. Tenetur sunt suscipit repellat itaque eveniet velit illo nisi. Iusto est rerum placeat vel reprehenderit sint dolorem. Ut id aliquid ratione eum odit quas ipsam.','iure',370,NULL,'1987-11-30 21:05:40','2020-12-17 16:04:50'),(56,56,56,'Et aut corrupti enim eligendi quasi est. Aut est molestias ducimus et vitae. Voluptatem ipsa rerum tempore illum aliquid et.','voluptatem',8918,NULL,'2014-04-16 15:13:09','1973-04-27 00:10:03'),(57,57,57,'Et veniam ut quibusdam enim. Minima ut eveniet et labore eveniet.','molestias',881,NULL,'1997-04-22 20:01:55','1999-12-10 08:39:25'),(58,58,58,'Omnis et qui quae sint dolorem illum delectus. Inventore sunt soluta quae. Molestiae voluptatem beatae totam ducimus commodi tempora iure. Nesciunt commodi sit voluptatem laborum. Voluptates quidem nostrum qui qui ut.','magnam',807483,NULL,'1974-12-26 20:25:02','1992-04-27 08:31:00'),(59,59,59,'Soluta accusamus assumenda illo. Est nobis est ex.','tenetur',526374644,NULL,'1997-09-10 03:15:48','1998-04-05 04:02:51'),(60,60,60,'Vitae dolorem dolores voluptatem autem voluptate voluptatibus. Necessitatibus consequuntur at minus sint. Velit corrupti veniam dolores qui commodi dignissimos. Velit officiis est deserunt earum molestias esse.','nobis',0,NULL,'1979-12-27 10:27:10','2019-02-17 09:01:13'),(61,61,61,'Quos quam vero sed quod officia vel. Et ratione iure cum reprehenderit ut aperiam eius molestiae. Beatae et et et perferendis optio reiciendis. Est consectetur labore sint consequatur quo culpa animi.','eaque',85848,NULL,'1992-12-10 02:54:53','2015-06-10 08:45:08'),(62,62,62,'Voluptas iste mollitia non recusandae. Repellat aut quisquam voluptas consequatur ipsam explicabo. Laboriosam omnis totam aspernatur aperiam aut voluptates beatae ad. Dolore ratione amet minus quia quidem maiores nulla.','alias',44,NULL,'2010-05-19 03:57:09','2016-03-10 20:00:59'),(63,63,63,'Fuga aut necessitatibus voluptas iusto magnam. Ut sit molestias est quidem. Ut minima omnis dolorem dolorem. Laudantium voluptas amet iusto inventore recusandae cum beatae. Quam adipisci ipsa velit et.','quas',726922839,NULL,'1987-04-25 21:42:53','2003-04-07 04:37:58'),(64,64,64,'Animi enim quam at qui voluptatem ipsa. Rerum id iste dolorum. Vel accusamus perspiciatis placeat alias in.','sed',6795,NULL,'1984-08-12 02:36:36','2012-09-20 01:38:24'),(65,65,65,'Maiores perferendis error est minus fugit est corporis iusto. At blanditiis nihil magni quia. Molestias qui possimus non veniam dolorem id aperiam omnis.','porro',358,NULL,'2008-05-28 05:38:31','2002-08-08 22:21:57'),(66,66,66,'Doloremque consequatur rem deserunt qui. Molestiae quia ducimus facilis illum est numquam. Quo velit aliquam nisi exercitationem expedita magni.','iure',43312263,NULL,'1985-12-01 08:12:55','1988-07-02 06:52:31'),(67,67,67,'Esse illo facilis ea ex. Qui corporis omnis qui velit. Et non explicabo et hic voluptatem. Aut provident magni hic qui. Vitae non laboriosam sunt esse deleniti sapiente sed.','et',116329136,NULL,'1977-10-23 19:07:36','1973-06-01 20:07:03'),(68,68,68,'Et laudantium alias similique nulla. Qui et sint corrupti numquam repellat possimus. Porro sed omnis cum quisquam saepe.','quo',14,NULL,'1998-07-22 15:37:22','2017-04-23 04:52:48'),(69,69,69,'Illo ad beatae atque. Magni sint excepturi atque. Dolore est qui error ut perferendis nam. Voluptatem aut ea nemo est ducimus.','tenetur',0,NULL,'2013-01-13 11:45:35','2012-07-19 10:05:11'),(70,70,70,'Cumque ut tenetur delectus repudiandae nisi illo iure. Deserunt nihil dolor totam autem ex sint eius. Omnis ut blanditiis ut occaecati. Sit veniam numquam dolor dicta eum fuga.','voluptatem',33890,NULL,'2009-10-11 04:43:40','2015-07-16 04:02:00'),(71,71,71,'Nostrum expedita mollitia ipsum beatae nam. Enim ipsa nemo et assumenda. Ut neque autem expedita quae unde minus. Ea inventore quae ipsum aperiam sint pariatur est.','voluptate',163977445,NULL,'1986-06-03 12:47:16','2000-03-09 22:59:40'),(72,72,72,'Aut sit doloremque ut quia dolor dolore. Vitae dolores dicta ducimus voluptas. Omnis dolorum ab consequatur ut aspernatur dignissimos.','voluptas',6158,NULL,'2005-09-25 10:40:56','2001-11-07 09:27:04'),(73,73,73,'Ut aut nisi commodi accusamus est dolores sunt. Numquam veniam adipisci ea sunt omnis. Autem eveniet quibusdam aut deleniti assumenda ipsum dignissimos numquam. Autem architecto ea quasi fugit.','et',660910757,NULL,'2001-03-11 04:46:37','1976-06-12 04:34:12'),(74,74,74,'Natus autem voluptatem neque. In provident adipisci blanditiis enim sed qui. Odio aliquam mollitia voluptas. Voluptatem nisi laudantium voluptatem quam error ratione nesciunt.','aspernatur',7,NULL,'2016-03-08 03:40:34','2017-08-28 21:55:13'),(75,75,75,'Omnis sint accusantium blanditiis dicta quo libero voluptas. Ab ut modi blanditiis illo. Esse voluptas ipsa vel esse est.','dolorem',0,NULL,'1985-04-14 05:23:59','1975-07-07 21:33:02'),(76,76,76,'Facilis nulla placeat voluptatibus rem quia. Quisquam voluptatem necessitatibus explicabo molestiae. Fugiat aut et aut corporis voluptate vel. Et magni voluptatibus odit reiciendis.','eum',0,NULL,'1978-10-13 08:15:12','1994-04-28 10:43:10'),(77,77,77,'Enim sunt delectus quidem repudiandae et perspiciatis non. Mollitia velit temporibus praesentium earum expedita. Quas facere quia ex repellat aut.','quas',0,NULL,'1973-04-29 08:36:27','1985-12-27 10:14:55'),(78,78,78,'Omnis soluta facilis reprehenderit officia minima tempore non ullam. Eum nobis minus ut qui. Corrupti voluptatibus nostrum et temporibus asperiores ut sed inventore. Aspernatur velit porro quaerat velit vel totam ut unde.','voluptas',980311392,NULL,'1985-10-20 01:22:01','1976-02-11 15:08:03'),(79,79,79,'Possimus et sint aut. Asperiores et illum dolorem saepe. Tempore velit sequi accusamus et sit molestias sint. Quae architecto harum ad eos ducimus provident. Reiciendis similique nesciunt aliquam ut illo repellendus sed.','voluptas',9589632,NULL,'1986-11-29 13:45:10','1985-01-06 01:44:17'),(80,80,80,'Ullam qui quibusdam qui officiis quia quae aut. Qui facilis qui eum velit omnis enim. Vero beatae perspiciatis fuga dolores rem.','eligendi',809888,NULL,'1976-12-24 15:07:30','1978-11-18 13:16:31'),(81,81,81,'Inventore provident architecto tempora vitae. Dolores quia veniam nobis quisquam quasi. Distinctio nostrum sapiente quidem fuga sit quia id.','neque',9,NULL,'2005-03-12 09:14:42','2021-09-13 23:08:13'),(82,82,82,'Maiores aperiam quod architecto rerum. Eaque fuga libero sunt quia dolorem eaque. Ea at dolor enim. Laborum magni sint et et unde.','quia',7787,NULL,'1970-09-20 17:42:57','2004-03-30 21:57:59'),(83,83,83,'Ut culpa voluptas aut magni expedita accusamus. Fuga eius quam aut voluptas consequatur velit porro. Eos cupiditate sint impedit magni ab ea. Ullam nisi et iusto quidem. Eius qui placeat eaque aut est.','ut',9828254,NULL,'2003-08-19 21:09:47','1980-09-10 18:14:06'),(84,84,84,'Enim qui quaerat est quod expedita illo et et. Et soluta odio recusandae ab natus quos. Voluptas aliquid consequatur odio architecto voluptatem nihil. Ducimus molestiae beatae ut est velit perferendis harum. Reiciendis accusamus nesciunt eum quaerat vel ut.','nam',88217,NULL,'1989-11-13 01:23:26','2007-04-23 06:10:58'),(85,85,85,'Voluptas ut fuga dolor illo et. Incidunt aut molestiae assumenda sed. Expedita quibusdam non autem aut atque eum minus. Nihil eos delectus rerum voluptas enim.','est',0,NULL,'1971-07-04 09:52:13','2013-05-01 02:53:42'),(86,86,86,'Excepturi voluptatem nemo voluptate officiis. Odit et nobis quo tempora repudiandae voluptatem qui voluptatem. Ut perferendis autem vel reprehenderit hic ad.','ad',78,NULL,'2012-03-25 02:40:55','1992-10-26 14:34:32'),(87,87,87,'Eveniet consequuntur cumque porro asperiores. Blanditiis sit sequi error enim. Sit quod sit voluptate fuga est. Eveniet laborum vitae illo ipsum aut consequatur eius.','nostrum',2,NULL,'1972-10-05 12:04:57','1987-08-22 15:46:16'),(88,88,88,'Atque odio voluptas odit optio doloremque et. Et eum illo vero iure. Dicta et nihil incidunt odit saepe.','odit',656,NULL,'1977-09-01 05:23:27','1987-03-11 15:11:18'),(89,89,89,'Voluptatem omnis veniam sed ullam. Accusamus adipisci odio enim. Omnis veritatis ea vitae voluptatem ipsa. Illum at consequatur voluptatem autem est odit. Consequatur rerum fugiat aperiam quod.','modi',65357,NULL,'2013-12-27 23:35:04','1987-02-13 18:08:15'),(90,90,90,'Provident non ut fugit unde tempora. Qui quas qui accusamus ut porro et. Debitis enim et officiis porro consequatur at hic.','est',1306,NULL,'1983-10-29 15:04:30','2000-11-26 17:24:46'),(91,91,91,'Voluptates molestiae qui adipisci labore voluptatem qui impedit repellendus. Quia ullam ut occaecati voluptas nostrum. Neque est consectetur nihil commodi tenetur ducimus.','facilis',5,NULL,'1974-11-12 03:52:37','2010-04-06 13:28:37'),(92,92,92,'Nisi voluptatem et et ipsam quae eius. Reiciendis explicabo odio explicabo explicabo quo. Magnam corporis praesentium aperiam architecto est. Dolores ducimus perspiciatis vel voluptatibus saepe dolores. Magni blanditiis esse sunt at fugit.','suscipit',0,NULL,'2001-08-12 23:01:30','1981-05-07 19:13:00'),(93,93,93,'Id fugiat nulla inventore vel autem. Exercitationem fuga quisquam fugiat sapiente officia dolor debitis. Eveniet consequatur iure deleniti ipsa.','nesciunt',0,NULL,'1985-02-24 21:44:30','1979-08-15 21:46:48'),(94,94,94,'Mollitia eum non nulla laborum maxime quam. Laborum debitis placeat impedit enim laborum porro quasi. Rerum soluta eius nam velit. Doloribus illo sapiente vero fuga officia dolores.','molestiae',42,NULL,'2010-02-01 17:42:57','1981-09-21 17:18:26'),(95,95,95,'Inventore ut nesciunt enim officia deserunt. Commodi sit aut vitae commodi expedita. Cumque aut voluptatem iste. Laborum tenetur qui et eius magnam.','temporibus',616,NULL,'2010-11-05 14:23:00','1987-07-24 19:46:13'),(96,96,96,'Sed odit nihil quam commodi. Cumque quibusdam quis explicabo rerum cumque. Vel et error corporis ea soluta omnis voluptas consectetur.','laboriosam',480,NULL,'2002-01-25 05:50:07','1995-12-28 17:45:31'),(97,97,97,'Hic iusto atque commodi et ullam blanditiis non. Vel quam est aut quisquam molestiae molestiae. Neque quas nihil et est occaecati pariatur.','dolore',582935,NULL,'1984-03-21 20:45:18','1972-01-07 08:29:24'),(98,98,98,'Et rerum perspiciatis nihil non quis voluptate qui. Modi occaecati non perspiciatis ut. Blanditiis non aut quia minima.','aperiam',0,NULL,'2018-05-21 00:36:54','1974-12-16 14:39:56'),(99,99,99,'Vitae distinctio consequuntur saepe excepturi aspernatur. Aut odit corrupti cum accusamus. Recusandae qui minus voluptas soluta accusantium.','dolorem',68207619,NULL,'2003-12-29 23:29:01','1980-11-28 18:51:38'),(100,100,100,'Qui sit in libero quod. Inventore necessitatibus in qui quia architecto accusantium. Ut optio aliquid consequatur.','rerum',1457,NULL,'2011-10-29 23:41:01','2012-11-24 01:17:38');
/*!40000 ALTER TABLE `media` ENABLE KEYS */;
UNLOCK TABLES;

--
-- Table structure for table `media_types`
--

DROP TABLE IF EXISTS `media_types`;
/*!40101 SET @saved_cs_client     = @@character_set_client */;
/*!40101 SET character_set_client = utf8 */;
CREATE TABLE `media_types` (
  `id` bigint(20) unsigned NOT NULL AUTO_INCREMENT,
  `name` varchar(255) COLLATE utf8mb4_unicode_ci DEFAULT NULL,
  `created_at` datetime DEFAULT current_timestamp(),
  `updated_at` datetime DEFAULT current_timestamp() ON UPDATE current_timestamp(),
  PRIMARY KEY (`id`)
) ENGINE=InnoDB AUTO_INCREMENT=101 DEFAULT CHARSET=utf8mb4 COLLATE=utf8mb4_unicode_ci;
/*!40101 SET character_set_client = @saved_cs_client */;

--
-- Dumping data for table `media_types`
--

LOCK TABLES `media_types` WRITE;
/*!40000 ALTER TABLE `media_types` DISABLE KEYS */;
INSERT INTO `media_types` VALUES (1,'enim','1989-09-26 05:04:29','2018-02-19 22:48:21'),(2,'perspiciatis','1993-12-19 00:57:17','1973-02-26 08:07:29'),(3,'culpa','1986-01-16 21:45:14','2017-05-08 12:16:54'),(4,'cumque','1980-06-22 16:13:47','1979-12-04 20:30:31'),(5,'et','1978-02-28 07:22:59','2005-05-24 22:02:25'),(6,'nostrum','1986-10-19 22:42:42','1983-07-19 21:45:58'),(7,'necessitatibus','1980-08-04 19:02:50','1985-11-11 15:20:57'),(8,'earum','1984-01-19 07:15:36','2017-05-12 05:36:40'),(9,'exercitationem','1981-09-02 07:08:30','2017-12-25 01:53:09'),(10,'non','2018-11-29 20:22:32','1972-04-09 12:30:23'),(11,'reprehenderit','1975-12-16 01:56:08','1983-12-21 07:25:04'),(12,'qui','1979-09-11 05:55:55','2014-07-27 00:16:10'),(13,'ipsa','2001-10-18 06:52:40','2003-02-19 23:34:38'),(14,'doloribus','2017-07-03 13:56:20','2013-09-04 18:46:51'),(15,'ut','1977-06-03 14:07:18','2007-04-14 10:33:55'),(16,'distinctio','1986-09-12 04:10:45','1971-01-18 03:58:33'),(17,'nobis','1999-08-30 03:35:44','2018-10-05 07:46:19'),(18,'nisi','1989-12-29 21:40:56','1986-04-26 05:49:25'),(19,'animi','2014-08-09 20:10:58','2008-06-24 01:41:33'),(20,'expedita','1991-03-27 07:11:48','1988-11-25 02:50:25'),(21,'modi','1984-11-15 02:02:27','2011-04-18 20:50:29'),(22,'quas','2007-06-23 22:23:29','2013-11-16 17:24:20'),(23,'error','1980-08-04 17:05:09','2002-08-17 10:32:27'),(24,'omnis','2008-04-08 19:50:26','1996-01-29 08:32:45'),(25,'in','1982-09-09 20:42:42','2014-11-11 10:05:14'),(26,'libero','1975-01-04 18:14:18','2012-03-31 09:41:40'),(27,'assumenda','2019-04-29 14:28:27','2013-10-07 04:01:49'),(28,'quam','2019-04-21 00:21:42','2020-07-20 06:01:58'),(29,'rem','2006-07-02 19:10:36','2001-03-21 05:50:57'),(30,'voluptatum','2014-05-11 21:11:53','2020-02-18 05:27:42'),(31,'dolores','1993-04-28 10:49:28','1978-05-03 04:05:23'),(32,'placeat','1972-09-11 21:16:07','2006-04-04 01:43:34'),(33,'dolores','1998-08-10 17:55:46','2000-08-08 04:19:25'),(34,'adipisci','2015-12-15 12:20:52','2008-06-14 11:27:23'),(35,'ex','2006-01-20 19:28:44','2011-06-18 09:04:50'),(36,'possimus','1998-11-22 11:46:40','2001-04-05 13:09:21'),(37,'labore','1979-12-14 05:05:54','2004-07-28 03:39:35'),(38,'accusamus','2010-09-27 20:45:52','1979-11-23 09:44:30'),(39,'iure','2009-03-17 16:00:47','2009-08-23 13:13:32'),(40,'quibusdam','1980-02-01 19:52:54','2015-05-17 01:14:14'),(41,'blanditiis','2012-09-14 18:22:51','2017-07-13 17:36:06'),(42,'dolorem','1976-10-08 18:04:17','1998-07-05 09:24:46'),(43,'libero','1970-03-08 12:23:04','1982-06-19 10:02:09'),(44,'vel','1989-05-09 06:17:26','1971-07-24 12:37:17'),(45,'consequatur','1987-09-18 21:31:47','1996-05-13 14:25:05'),(46,'praesentium','1973-02-05 05:00:21','1990-03-16 02:51:06'),(47,'delectus','2018-07-08 03:33:17','2011-12-14 05:47:07'),(48,'ducimus','1971-03-15 13:54:12','2009-03-12 01:55:54'),(49,'dicta','1972-02-26 11:25:17','2005-05-31 12:19:40'),(50,'ex','1996-11-18 14:57:43','1973-06-11 01:20:35'),(51,'quam','2012-06-16 06:01:28','2007-01-25 21:36:34'),(52,'aspernatur','2020-03-27 06:51:25','2012-07-12 13:24:52'),(53,'laudantium','1973-01-10 04:46:13','2011-10-14 10:13:38'),(54,'ex','1999-08-13 17:15:10','1984-10-26 21:39:35'),(55,'est','2019-02-08 04:24:13','1984-08-03 11:34:02'),(56,'cupiditate','1986-09-14 14:35:02','1978-09-19 06:48:40'),(57,'fugiat','1971-07-31 10:57:57','1972-10-26 13:56:42'),(58,'totam','1995-12-03 01:14:46','2004-06-17 00:14:26'),(59,'perferendis','2011-05-29 03:52:17','2003-12-16 06:00:53'),(60,'ab','2005-02-20 01:36:12','1970-05-16 01:12:14'),(61,'pariatur','2013-11-10 05:11:51','2015-09-17 02:38:52'),(62,'tenetur','1993-06-07 02:22:21','1989-01-06 02:08:05'),(63,'eos','1984-06-02 11:56:53','2009-05-05 14:10:35'),(64,'vel','1989-08-22 09:32:33','2000-07-01 07:05:26'),(65,'qui','1978-02-21 19:54:11','2021-05-16 21:24:00'),(66,'enim','2002-02-16 15:25:46','1993-08-10 07:50:00'),(67,'repudiandae','1978-11-02 23:49:33','2004-06-30 16:54:55'),(68,'aperiam','2001-04-19 11:41:37','2012-04-05 06:22:45'),(69,'commodi','1984-05-01 19:46:08','2001-07-24 22:10:38'),(70,'commodi','1994-09-28 21:34:37','2014-10-15 08:10:50'),(71,'est','2009-04-18 06:02:30','2010-01-07 01:13:08'),(72,'eos','1972-05-09 12:46:26','1976-04-19 12:09:23'),(73,'officia','1983-07-14 06:53:42','1991-08-08 10:53:33'),(74,'labore','2014-08-22 06:11:24','1995-02-24 08:04:34'),(75,'porro','2000-03-18 23:40:53','1970-04-08 12:26:28'),(76,'laboriosam','1991-11-29 10:42:54','1982-12-03 18:29:50'),(77,'sapiente','2014-10-09 22:57:01','1970-02-28 10:56:13'),(78,'delectus','1996-10-26 08:01:47','2014-06-07 09:05:24'),(79,'quas','2004-11-15 14:40:29','1971-02-22 08:00:43'),(80,'et','1994-11-05 10:18:08','1977-06-29 19:09:28'),(81,'et','2018-06-03 22:32:03','2015-03-28 22:21:59'),(82,'incidunt','1991-03-24 16:48:21','1976-06-08 20:00:10'),(83,'quam','2017-05-28 13:43:47','2009-09-02 00:12:28'),(84,'eum','2015-10-01 18:12:11','1984-08-10 21:09:42'),(85,'ab','2013-05-26 17:35:05','2017-09-06 04:38:57'),(86,'accusantium','1983-10-11 04:52:32','1971-04-12 17:30:09'),(87,'et','2008-07-29 11:35:56','2008-03-01 19:12:11'),(88,'error','2002-01-30 16:39:38','2008-10-05 10:59:43'),(89,'quibusdam','2014-06-08 19:36:36','2011-05-01 18:47:10'),(90,'dolores','2001-09-16 23:48:05','1980-03-30 16:52:46'),(91,'deleniti','2021-12-04 22:39:21','2007-02-19 14:50:28'),(92,'eos','1975-06-21 04:13:36','1977-03-30 15:44:29'),(93,'id','1980-03-30 14:36:18','1971-03-08 01:52:19'),(94,'corrupti','2001-06-05 08:41:44','2018-06-01 17:39:18'),(95,'ducimus','1990-05-23 08:35:38','1986-10-31 05:26:05'),(96,'accusamus','1980-11-13 20:43:06','1976-06-23 10:51:53'),(97,'aut','1983-04-15 03:35:34','1973-03-16 09:21:21'),(98,'sapiente','1976-11-17 06:34:06','1985-08-23 19:27:18'),(99,'id','2010-02-09 23:01:31','1976-10-30 07:20:05'),(100,'necessitatibus','1980-08-01 05:26:37','2014-06-06 10:44:59');
/*!40000 ALTER TABLE `media_types` ENABLE KEYS */;
UNLOCK TABLES;

--
-- Table structure for table `messages`
--

DROP TABLE IF EXISTS `messages`;
/*!40101 SET @saved_cs_client     = @@character_set_client */;
/*!40101 SET character_set_client = utf8 */;
CREATE TABLE `messages` (
  `id` bigint(20) unsigned NOT NULL AUTO_INCREMENT,
  `from_user_id` bigint(20) unsigned NOT NULL,
  `to_user_id` bigint(20) unsigned NOT NULL,
  `body` text COLLATE utf8mb4_unicode_ci DEFAULT NULL,
  `created_at` datetime DEFAULT current_timestamp(),
  PRIMARY KEY (`id`),
  KEY `from_user_id` (`from_user_id`),
  KEY `to_user_id` (`to_user_id`),
  CONSTRAINT `messages_ibfk_1` FOREIGN KEY (`from_user_id`) REFERENCES `users` (`id`) ON DELETE CASCADE ON UPDATE CASCADE,
  CONSTRAINT `messages_ibfk_2` FOREIGN KEY (`to_user_id`) REFERENCES `users` (`id`) ON DELETE CASCADE ON UPDATE CASCADE
) ENGINE=InnoDB AUTO_INCREMENT=101 DEFAULT CHARSET=utf8mb4 COLLATE=utf8mb4_unicode_ci;
/*!40101 SET character_set_client = @saved_cs_client */;

--
-- Dumping data for table `messages`
--

LOCK TABLES `messages` WRITE;
/*!40000 ALTER TABLE `messages` DISABLE KEYS */;
INSERT INTO `messages` VALUES (1,1,1,'Laborum culpa sint error deleniti. Molestias perspiciatis quod amet qui corrupti consequatur ad ullam. Quo vel eos optio recusandae rerum autem.','2002-09-07 07:29:22'),(2,2,2,'Blanditiis aut consequatur dolor dolore aliquid. Inventore voluptates consectetur expedita accusamus consequatur. Nesciunt sequi commodi aut.','1985-02-28 04:24:00'),(3,3,3,'Et ipsa iste enim corrupti. Dolorem quia temporibus quis expedita. Praesentium facilis voluptates omnis eaque architecto. Et molestiae consequuntur odio fugit aut.','2000-10-14 20:36:55'),(4,4,4,'Ut sint eum repudiandae corrupti quos. Culpa illum autem eum repudiandae error blanditiis. Unde consequatur suscipit et illo eos ut et.','1978-12-12 04:47:25'),(5,5,5,'Impedit odio et incidunt et ex. Distinctio dolor dolores praesentium quisquam ipsa. Magnam dolore sequi et temporibus voluptatem ipsa pariatur.','1986-08-05 07:11:40'),(6,6,6,'Est mollitia quibusdam delectus voluptatem. Voluptates rem dolorem expedita. Et qui vero ut quia est harum eligendi. Harum atque magni quibusdam vel consequatur enim sit.','2005-06-19 07:33:39'),(7,7,7,'Excepturi eum eos sint. Id beatae autem commodi eveniet asperiores cumque eos. Est modi et odio quis ex doloremque minus. Sapiente autem odio nihil ab omnis voluptas nihil.','2012-05-04 10:36:44'),(8,8,8,'Quasi reiciendis sunt non dolorem consequuntur eaque nihil atque. Suscipit accusantium fugit perferendis est dignissimos. Error quasi facere rerum ex eligendi molestiae at.','1980-02-18 15:56:05'),(9,9,9,'Quaerat quis non velit harum. Illum accusantium ut nostrum qui qui autem dolor. Similique minima qui commodi officia labore vero nam. Rerum qui tempora debitis aut dolore quae.','1978-02-22 19:09:02'),(10,10,10,'Omnis fuga autem quia est magnam qui voluptates porro. Consequatur sunt at et illo qui a fuga. Hic omnis at doloremque voluptate. Blanditiis tempore aliquam aut nam qui non dolorum assumenda.','1977-11-01 18:15:47'),(11,11,11,'Explicabo quo cupiditate ipsam neque quod incidunt ullam. Quos et commodi veniam magnam rerum aut distinctio. Sed tempore blanditiis veritatis culpa tempora aut quia. Aut ut praesentium optio.','2018-02-15 20:01:20'),(12,12,12,'Maiores fuga illo necessitatibus sit ut quod corrupti. Necessitatibus voluptas ea ullam sit quis recusandae pariatur. Quia incidunt itaque minus cum commodi nihil.','2015-12-21 14:34:57'),(13,13,13,'Corrupti ut nostrum molestiae consectetur beatae in numquam veniam. Est qui corrupti sit quibusdam rerum voluptas quia. Incidunt adipisci aut qui.','2021-03-26 00:53:35'),(14,14,14,'Sunt aperiam est sit aliquid iste quo. Cum laborum nulla vitae quibusdam molestias neque est. Fugiat itaque blanditiis voluptas tempora alias officiis nobis impedit.','2000-12-04 15:01:03'),(15,15,15,'Iusto voluptas praesentium rerum facilis culpa. Voluptatem vel explicabo velit est et ratione nisi sit. Qui voluptates temporibus dolorem. Sequi adipisci et cupiditate est amet tenetur sint.','2016-07-07 09:07:18'),(16,16,16,'Id illo earum dolor deleniti. Consequatur iusto nemo repellendus qui voluptatem autem. Id fugiat tenetur qui perspiciatis molestiae molestiae non.','2012-07-19 13:01:39'),(17,17,17,'Quasi quos quos dignissimos incidunt fugiat ea eum quia. Quos quas est dolorem hic quibusdam qui dolor vel. Totam asperiores officia ut.','1990-05-28 19:06:32'),(18,18,18,'Dicta autem quis alias fugit nulla provident facilis. Eos possimus provident modi quos nulla veniam harum. Doloribus nihil aut optio corrupti quas nostrum. Dolor est et ipsam sit vitae.','2013-04-25 16:17:21'),(19,19,19,'Ab sunt numquam placeat voluptas iusto minima. Mollitia nemo voluptate id nihil possimus enim cum quisquam. Eum dolor occaecati facilis. Unde repellat perferendis quam ut saepe repellat optio.','1984-08-11 04:48:13'),(20,20,20,'Et nemo voluptatem iusto sapiente provident dignissimos quo. Rerum nemo architecto consequatur explicabo itaque. Nobis animi nam ut sed dolore nihil praesentium.','1974-12-04 05:38:38'),(21,21,21,'Rerum error commodi qui distinctio harum. Molestias officia doloremque consequuntur. Illum dolorem quo modi ducimus. Voluptatibus harum placeat quibusdam dolor velit vel assumenda.','2000-05-16 06:24:46'),(22,22,22,'Ipsam id odit quae quo sunt. Id magni non voluptatem laudantium iusto. Dolor fugiat sint voluptas autem corrupti.','1980-12-18 02:49:54'),(23,23,23,'Aspernatur enim autem quas cum odio numquam. Quia quidem aut id modi porro soluta autem quia. Officia cum laudantium eaque ratione optio consequatur.','2001-12-16 16:52:53'),(24,24,24,'Nemo eius commodi quisquam quasi illum quo nemo. Ex repudiandae labore sed labore qui corporis ut. Et fuga vero repellat nobis. Tenetur placeat necessitatibus rerum qui provident fugit.','2008-07-14 07:31:26'),(25,25,25,'Consectetur nisi nobis iste nihil temporibus officiis id eum. Fugiat id laudantium sed eligendi esse id. Et repellat architecto eligendi voluptate et itaque quo. Facilis aliquam incidunt nihil optio assumenda error.','1997-10-22 16:04:00'),(26,26,26,'Consequuntur delectus qui autem. Est quas qui rem quae sit illum. Et quia voluptas praesentium voluptatem et esse. Quaerat quod ipsam quisquam excepturi nisi vitae.','1977-10-17 07:30:37'),(27,27,27,'Aspernatur nihil nihil soluta sed quo doloremque. Exercitationem quibusdam est eos in. Modi id omnis dolores et sapiente libero.','2007-05-17 11:48:48'),(28,28,28,'Ea sit dolores eaque alias id animi enim debitis. Eos odit enim aut sunt. Pariatur minus sit quia nemo eaque dolore dolorum.','1980-05-15 22:21:30'),(29,29,29,'Numquam et veritatis et. Iure ipsum dolore blanditiis et. Itaque cupiditate eaque placeat esse id et. At enim expedita earum molestias eveniet ratione possimus. Saepe unde nesciunt ab qui quia rerum cum.','1983-06-10 11:31:51'),(30,30,30,'Est et iure sint quos esse. Alias molestias hic perspiciatis ut vel. Culpa quisquam dolor consequuntur possimus neque. Repellendus nostrum molestiae dolorum voluptatem voluptatem.','1977-09-24 21:41:21'),(31,31,31,'Totam consequuntur ut nulla id earum rerum ad. In magnam sed dolor. Et et tempora deserunt quia.','1979-01-22 20:09:53'),(32,32,32,'Tempore voluptatem modi consequuntur qui. Ea neque quasi a. Distinctio ad voluptatum voluptatibus eius non voluptatem atque. Animi sed numquam enim optio.','2012-05-24 01:57:52'),(33,33,33,'Nostrum dolore iure et amet accusamus in consequatur. Quod voluptatem voluptatem perferendis et inventore. Architecto dolor nostrum amet dolores et facere. Laborum consequatur hic voluptas omnis. Ratione non odit unde.','2000-02-08 00:11:26'),(34,34,34,'Commodi reprehenderit reiciendis facilis sint error sed. Est reprehenderit repudiandae rerum velit aut aut. Ipsum ratione enim rerum incidunt. Optio beatae fugit voluptatum animi libero facilis.','2004-05-20 08:32:27'),(35,35,35,'Libero ipsa totam cumque. Cum fugiat voluptas laboriosam dolorum voluptas nulla in. Non voluptates esse autem sunt aspernatur enim.','1995-05-09 17:25:26'),(36,36,36,'Porro id sunt ut delectus deserunt nulla. Soluta animi voluptatem dolorem commodi vel aut. Deleniti suscipit modi rerum. Sint id aut tempore rerum earum.','1989-07-04 03:37:55'),(37,37,37,'Consectetur consequatur voluptatum itaque delectus numquam. Qui a nam amet. Ex omnis et ducimus est. Quia quis neque sint est sapiente.','1976-03-26 03:09:39'),(38,38,38,'Adipisci qui nesciunt odit nihil at voluptate reprehenderit. A pariatur a molestiae est maiores aut similique. Sit provident inventore natus sit repellendus quia ducimus.','2009-06-18 20:26:52'),(39,39,39,'Illum molestiae aliquid nesciunt nostrum totam ut hic. Eos voluptatem non molestiae aperiam. Fugiat officiis quos aut voluptatum et aliquid nihil. Quos debitis vel voluptate sed.','2002-06-09 01:12:53'),(40,40,40,'Repudiandae assumenda sed laboriosam illum officia et possimus qui. Ipsam ullam aut quae est nobis. Soluta aut laboriosam rem sed ut ea quibusdam. Nisi quae voluptates ullam.','2003-03-28 17:50:43'),(41,41,41,'Enim nesciunt animi nulla veritatis perspiciatis sed. Consequatur maxime sequi sint aut sunt iure atque et.','1977-05-17 02:09:31'),(42,42,42,'Asperiores reiciendis consequatur facilis tempore at omnis. Temporibus aut aut tenetur perspiciatis cumque qui. Ullam id consectetur quo dicta.','1992-08-28 05:23:26'),(43,43,43,'Est cumque nihil ducimus et occaecati quo harum. Nemo quo blanditiis itaque. Reiciendis vel minima voluptatem dolorem. Ipsam nihil officia iusto labore.','1981-10-02 06:22:11'),(44,44,44,'Eaque aut eveniet sapiente ut. Voluptatem non et laudantium eveniet voluptatum quia dignissimos minus. Blanditiis et ratione ab explicabo corporis accusantium. Maiores facere repudiandae ad dolorum recusandae tenetur.','1992-07-25 23:52:52'),(45,45,45,'Tempora et dolor quis itaque. Facere voluptatem minima earum occaecati earum dolor ullam perferendis. Voluptate dolor et et eum. Dolores est minus dicta dicta. Sequi quam cum fuga.','1976-02-12 03:27:27'),(46,46,46,'Possimus unde porro repudiandae non. Reprehenderit sit consequatur nihil. Quia nihil esse aut quibusdam ea. Debitis exercitationem cum accusantium labore quaerat ut vel tempore.','1999-03-15 11:13:23'),(47,47,47,'Ipsum et quia impedit qui laboriosam quis assumenda. Odio aut dolor tempore veniam et voluptates ipsum.','1979-04-10 12:52:21'),(48,48,48,'Ad sapiente debitis deserunt reprehenderit fuga doloremque. Dolore non quis perspiciatis in. Voluptas sunt autem odit ea dicta. Aliquid ea voluptatem corporis.','1990-09-19 05:46:07'),(49,49,49,'Molestiae perferendis eum et maiores non voluptatem nihil. Nihil atque voluptatem ut consequatur labore quaerat sunt. Et molestiae veniam doloremque labore quaerat. Neque qui sit unde voluptas.','2009-07-14 10:56:34'),(50,50,50,'Saepe magnam eius est ut neque libero in. Error iste possimus harum.','2002-04-21 12:24:41'),(51,51,51,'Officia ab cupiditate voluptatibus voluptatem perferendis. Nisi minima totam ab id. Placeat sapiente ut consequuntur vero in.','1981-05-31 08:28:04'),(52,52,52,'Iusto omnis earum ea amet quia cupiditate odit qui. Temporibus quam architecto adipisci a praesentium aliquam. Delectus ut et perferendis. Ut pariatur at ratione nesciunt aperiam qui.','1973-04-16 15:53:46'),(53,53,53,'Rerum tempora minus voluptatem quia. Qui voluptatem id temporibus et totam quo quia. Aliquam perspiciatis et error praesentium.','1981-12-25 03:07:15'),(54,54,54,'Nemo sunt voluptatem et in qui vel. Minus nihil in dolores accusantium inventore aliquam alias ex. Maxime omnis voluptate at aut illo dicta rem. Est neque voluptatem aut vel.','1986-07-25 10:54:39'),(55,55,55,'Et amet et illum praesentium officiis qui sit. Ducimus quo ea est quae ut. Iusto aut voluptates et minima eos omnis repudiandae. Quidem tenetur ut voluptatum aut. Autem recusandae et ea quia deserunt.','2004-05-29 03:26:37'),(56,56,56,'Aut qui veritatis expedita laboriosam odit minima. Est dignissimos pariatur at rerum aliquam dolorem.','2001-06-02 13:37:18'),(57,57,57,'Magnam ut ut eligendi voluptatum. Iste numquam dolor deserunt dolores et recusandae. Ex iusto quod ex et vitae vel ut.','2020-07-20 07:47:41'),(58,58,58,'Ducimus iste sit aut similique. Aspernatur odio ea sit ipsum saepe. Autem nobis ut at ut in. Sit ea dolorem voluptatum animi nam.','1989-11-28 00:43:33'),(59,59,59,'Occaecati architecto exercitationem provident rerum. Nam voluptatum laudantium ut nam dolorem repellendus.','1974-08-28 11:33:56'),(60,60,60,'Doloremque optio architecto qui ut quas. Tempora quasi consequatur error tempore omnis odio enim iste. Sit omnis sit optio commodi eum quam amet sit.','1988-07-28 18:35:05'),(61,61,61,'Explicabo sint facilis temporibus et. Eum saepe quo quas nulla labore quis earum beatae. Veritatis error et assumenda velit eos ea natus.','1982-01-03 06:01:33'),(62,62,62,'Sunt in enim vero. Aspernatur ea inventore placeat reprehenderit reiciendis. Numquam occaecati voluptates porro dolorem quis vitae.','2004-07-16 07:40:43'),(63,63,63,'Omnis nulla accusamus et dolor natus amet nulla. Dolores natus quos quasi commodi sed officia. Saepe maiores in dolorem ipsam unde. Ullam enim reprehenderit debitis nesciunt et voluptate porro.','1979-11-19 05:34:50'),(64,64,64,'Sunt accusamus odit temporibus aliquam laboriosam optio. Aut nisi voluptatibus voluptatum facilis perspiciatis quae. Iusto dolorem quia quaerat inventore.','1983-07-06 15:14:25'),(65,65,65,'Quis doloribus eaque cumque amet dolor accusamus ratione. Qui dolorum non aliquam nisi quos voluptas neque.','1998-05-27 02:23:24'),(66,66,66,'Fuga corporis iste eaque doloremque. Est vel sit assumenda in aut vel consequatur. Animi asperiores sint qui. Rerum ullam non quo harum.','1981-05-05 21:35:13'),(67,67,67,'Commodi veritatis et porro explicabo quo asperiores enim. Quod eum necessitatibus aut saepe qui dicta aspernatur cupiditate. Aperiam aliquid quod veritatis quia ut ut non ut. Molestias molestiae et nesciunt dolor quia nisi.','1972-12-17 14:33:11'),(68,68,68,'Velit id nisi nobis laborum. Vel magni adipisci voluptatem necessitatibus quia et optio.','2003-05-21 07:13:06'),(69,69,69,'Pariatur consectetur sint cumque ullam enim autem dolorum. Qui et maxime facere ad. Ullam et aut natus consequatur.','1991-05-02 04:50:13'),(70,70,70,'Repellat quos veniam eos est. Aut id et blanditiis consequatur necessitatibus. Cupiditate corrupti laudantium ducimus ut inventore. Corporis et quidem est in eaque architecto.','1979-04-21 11:14:47'),(71,71,71,'Veniam molestias quibusdam aut eum itaque libero et sed. Hic tenetur impedit a exercitationem est voluptas. Quia aut nulla nobis aut. Atque et accusantium consequatur debitis consequatur.','1976-04-11 08:38:29'),(72,72,72,'Quisquam veniam officia et enim porro eos laboriosam rerum. Sit ab autem non quis unde itaque. Et sequi doloribus exercitationem maiores atque.','1983-04-22 19:36:40'),(73,73,73,'Et id ut in. Autem assumenda sunt est autem quia rem. Dolore consequuntur quaerat impedit est. Sed doloremque ex id quisquam.','1982-09-05 20:52:22'),(74,74,74,'Ipsam impedit quod rerum sunt a maxime. Quia blanditiis omnis officia qui occaecati. Corporis ut rerum sunt quod voluptas qui. Doloremque doloremque saepe id temporibus consequatur aut. Molestiae dolor corporis sed id voluptatem dolorem quasi itaque.','1997-09-07 07:20:33'),(75,75,75,'Temporibus nisi corrupti est natus. Sequi veritatis impedit cupiditate ad dolorum voluptas omnis. Ea sed veniam qui.','1996-09-02 03:44:56'),(76,76,76,'Impedit fuga quod culpa molestiae. Eos minus accusantium molestiae quidem inventore quia doloremque. Exercitationem autem aut vel id ea labore.','2020-01-04 10:29:11'),(77,77,77,'Aut harum ut nemo quibusdam. Suscipit enim ad quia odit. Error iusto saepe vel ad. Autem in harum aut.','2013-10-30 00:54:42'),(78,78,78,'Quidem dolorem quidem distinctio ex vero libero est. Illo dicta quas non voluptatibus laboriosam ipsam. Dolores harum rerum dolores commodi.','1985-10-10 19:09:41'),(79,79,79,'Ut rerum non veritatis harum sint. Quia iste tempora omnis voluptatum distinctio et. Consequatur at consequuntur commodi in excepturi enim modi. Nihil sit eius nulla neque aut consequuntur.','1983-10-02 18:38:28'),(80,80,80,'Aut ut illo quos dolor earum ut ratione. Minima aut ut et saepe non. Ullam occaecati nam unde quia quia soluta enim quia.','2003-09-19 07:27:17'),(81,81,81,'Similique rem veritatis nam officiis voluptatem perferendis molestiae voluptas. Error et est repellat illum sint quaerat impedit voluptatem. Ipsa velit perspiciatis hic accusantium atque fuga. Eaque aperiam aut sint qui enim rerum eos.','2003-09-06 11:08:21'),(82,82,82,'Quae eveniet et molestiae esse voluptatem. Aut necessitatibus blanditiis ad amet eos recusandae id. Et reiciendis ipsum omnis hic aliquid provident repellendus. Consequatur nisi blanditiis consectetur quo laudantium quibusdam. Aut commodi aut saepe atque quia nam.','1993-02-08 13:24:40'),(83,83,83,'Et ut aliquam quis consectetur consequatur. Sed dolor mollitia rem et et hic earum. Itaque dolores sed dolorem qui dolores.','1977-10-28 05:18:18'),(84,84,84,'Amet aut cupiditate maxime voluptatum et. At sint labore excepturi aut officiis. Sint voluptates illo et reprehenderit et. Cumque vero quia voluptatem aliquid.','1987-05-30 07:01:54'),(85,85,85,'Voluptas atque in consequuntur voluptate velit voluptatem et et. Perferendis ad molestiae similique qui illum ut molestias. Ex aut consequatur odio enim.','1974-10-15 17:19:07'),(86,86,86,'Quae temporibus aut aliquid enim explicabo veniam perferendis. Iste vero officia enim sed enim voluptatibus quos.','2018-04-03 17:07:51'),(87,87,87,'Nam ut dolor et optio et esse. Ipsam minima eos exercitationem porro consequatur unde. Et ea cumque cupiditate incidunt. Illo aliquam illo repudiandae voluptatum quo deleniti reiciendis.','1983-05-08 08:07:05'),(88,88,88,'Pariatur inventore aliquam optio ut ipsa id hic. Quas maxime velit voluptas et voluptate. Ex est nostrum qui laborum quisquam temporibus. Occaecati qui harum ipsum ex atque in perspiciatis.','1992-03-21 13:40:31'),(89,89,89,'Odit est impedit possimus libero doloribus ad debitis. Beatae ut labore dolores eos repellat. Illum quasi asperiores enim autem quia quia.','2001-01-27 18:36:24'),(90,90,90,'Praesentium eos itaque ipsam ducimus dolor et placeat. Est qui ut iure aspernatur non sed. Quia quod hic nihil. Mollitia suscipit in et.','1997-05-09 06:28:40'),(91,91,91,'Et omnis expedita illo. Autem quisquam officia eius quis quibusdam expedita. Expedita veritatis nihil quod accusantium assumenda.','1981-12-14 02:16:08'),(92,92,92,'Dolor distinctio beatae incidunt id et omnis. Dolores quia beatae alias quibusdam. Dolore nihil dolores saepe voluptate dolorum fuga est. Ratione aut unde commodi dicta et temporibus quos accusantium.','2000-11-04 16:29:54'),(93,93,93,'At nesciunt eius repellat quibusdam. Dolorem consequatur quae sit ea assumenda quos et.','1990-02-14 04:31:48'),(94,94,94,'Accusantium voluptas nostrum aut ratione totam. Illum minima facere veniam mollitia. Odit hic nihil consequatur error eum animi sunt. Ab tempora ab in eligendi repellat autem.','2014-04-19 02:19:56'),(95,95,95,'Minima cumque optio dolor non maxime. Dolorem quam aperiam natus quos est quae. Quam officia esse ut corrupti qui. Similique alias delectus nemo est.','1974-12-01 08:16:39'),(96,96,96,'Laboriosam saepe vel cumque optio. Optio et eligendi accusamus corporis suscipit illo nihil. Repellat est nihil at commodi ut ex.','2001-05-21 21:55:09'),(97,97,97,'Ratione delectus rerum quo aut id. Ea voluptatem explicabo aut temporibus voluptas nisi harum. Cupiditate nisi aut doloremque iure qui. Quia atque et autem beatae aut. Rerum et molestiae molestiae laborum.','1984-05-20 03:46:38'),(98,98,98,'Aut sed magni est ab quidem. Quo libero consequatur tempora facere voluptas et amet. Magni aperiam illo esse corrupti reiciendis ullam enim at. Et temporibus aut atque et sed assumenda.','1993-10-29 11:09:51'),(99,99,99,'Neque ut est magni animi aliquid ullam quasi sed. Voluptatem occaecati libero quod dolores nulla rerum voluptas. Molestiae hic id qui est nostrum alias harum velit.','1979-01-07 10:06:19'),(100,100,100,'Optio id fugiat aut ad ad aut sunt. Ratione harum eum earum perferendis ut omnis sint repudiandae. Quaerat qui quibusdam rem ab.','1992-07-02 05:39:53');
/*!40000 ALTER TABLE `messages` ENABLE KEYS */;
UNLOCK TABLES;

--
-- Table structure for table `photo_albums`
--

DROP TABLE IF EXISTS `photo_albums`;
/*!40101 SET @saved_cs_client     = @@character_set_client */;
/*!40101 SET character_set_client = utf8 */;
CREATE TABLE `photo_albums` (
  `id` bigint(20) unsigned NOT NULL AUTO_INCREMENT,
  `name` varchar(255) COLLATE utf8mb4_unicode_ci DEFAULT NULL,
  `user_id` bigint(20) unsigned DEFAULT NULL,
  PRIMARY KEY (`id`),
  UNIQUE KEY `id` (`id`),
  KEY `user_id` (`user_id`),
  CONSTRAINT `photo_albums_ibfk_1` FOREIGN KEY (`user_id`) REFERENCES `users` (`id`) ON DELETE SET NULL ON UPDATE CASCADE
) ENGINE=InnoDB AUTO_INCREMENT=101 DEFAULT CHARSET=utf8mb4 COLLATE=utf8mb4_unicode_ci;
/*!40101 SET character_set_client = @saved_cs_client */;

--
-- Dumping data for table `photo_albums`
--

LOCK TABLES `photo_albums` WRITE;
/*!40000 ALTER TABLE `photo_albums` DISABLE KEYS */;
INSERT INTO `photo_albums` VALUES (1,'aut',1),(2,'qui',2),(3,'quo',3),(4,'ratione',4),(5,'illum',5),(6,'qui',6),(7,'consequuntur',7),(8,'minus',8),(9,'repellat',9),(10,'aut',10),(11,'temporibus',11),(12,'itaque',12),(13,'voluptas',13),(14,'voluptatem',14),(15,'adipisci',15),(16,'sint',16),(17,'esse',17),(18,'et',18),(19,'consequatur',19),(20,'molestiae',20),(21,'tenetur',21),(22,'commodi',22),(23,'rerum',23),(24,'aliquid',24),(25,'corrupti',25),(26,'dolores',26),(27,'perferendis',27),(28,'facilis',28),(29,'accusantium',29),(30,'natus',30),(31,'maiores',31),(32,'commodi',32),(33,'illo',33),(34,'dolores',34),(35,'minima',35),(36,'eos',36),(37,'consequatur',37),(38,'sint',38),(39,'labore',39),(40,'deleniti',40),(41,'dolorem',41),(42,'consequatur',42),(43,'voluptatum',43),(44,'delectus',44),(45,'sit',45),(46,'libero',46),(47,'nemo',47),(48,'facere',48),(49,'et',49),(50,'omnis',50),(51,'accusamus',51),(52,'corrupti',52),(53,'accusamus',53),(54,'ut',54),(55,'provident',55),(56,'ab',56),(57,'inventore',57),(58,'sint',58),(59,'ex',59),(60,'tenetur',60),(61,'qui',61),(62,'qui',62),(63,'vitae',63),(64,'repellat',64),(65,'provident',65),(66,'suscipit',66),(67,'aut',67),(68,'doloribus',68),(69,'quos',69),(70,'expedita',70),(71,'dolores',71),(72,'voluptatem',72),(73,'nobis',73),(74,'consequatur',74),(75,'in',75),(76,'fugiat',76),(77,'debitis',77),(78,'nihil',78),(79,'dignissimos',79),(80,'debitis',80),(81,'in',81),(82,'cum',82),(83,'tenetur',83),(84,'voluptatem',84),(85,'eos',85),(86,'ea',86),(87,'ad',87),(88,'laboriosam',88),(89,'ipsam',89),(90,'incidunt',90),(91,'deleniti',91),(92,'dolor',92),(93,'cupiditate',93),(94,'ab',94),(95,'placeat',95),(96,'quasi',96),(97,'explicabo',97),(98,'hic',98),(99,'qui',99),(100,'blanditiis',100);
/*!40000 ALTER TABLE `photo_albums` ENABLE KEYS */;
UNLOCK TABLES;

--
-- Table structure for table `photos`
--

DROP TABLE IF EXISTS `photos`;
/*!40101 SET @saved_cs_client     = @@character_set_client */;
/*!40101 SET character_set_client = utf8 */;
CREATE TABLE `photos` (
  `id` bigint(20) unsigned NOT NULL AUTO_INCREMENT,
  `album_id` bigint(20) unsigned NOT NULL,
  `media_id` bigint(20) unsigned NOT NULL,
  PRIMARY KEY (`id`),
  KEY `album_id` (`album_id`),
  KEY `media_id` (`media_id`),
  CONSTRAINT `photos_ibfk_1` FOREIGN KEY (`album_id`) REFERENCES `photo_albums` (`id`) ON DELETE CASCADE ON UPDATE CASCADE,
  CONSTRAINT `photos_ibfk_2` FOREIGN KEY (`media_id`) REFERENCES `media` (`id`) ON DELETE CASCADE ON UPDATE CASCADE
) ENGINE=InnoDB AUTO_INCREMENT=101 DEFAULT CHARSET=utf8mb4 COLLATE=utf8mb4_unicode_ci;
/*!40101 SET character_set_client = @saved_cs_client */;

--
-- Dumping data for table `photos`
--

LOCK TABLES `photos` WRITE;
/*!40000 ALTER TABLE `photos` DISABLE KEYS */;
INSERT INTO `photos` VALUES (1,1,1),(2,2,2),(3,3,3),(4,4,4),(5,5,5),(6,6,6),(7,7,7),(8,8,8),(9,9,9),(10,10,10),(11,11,11),(12,12,12),(13,13,13),(14,14,14),(15,15,15),(16,16,16),(17,17,17),(18,18,18),(19,19,19),(20,20,20),(21,21,21),(22,22,22),(23,23,23),(24,24,24),(25,25,25),(26,26,26),(27,27,27),(28,28,28),(29,29,29),(30,30,30),(31,31,31),(32,32,32),(33,33,33),(34,34,34),(35,35,35),(36,36,36),(37,37,37),(38,38,38),(39,39,39),(40,40,40),(41,41,41),(42,42,42),(43,43,43),(44,44,44),(45,45,45),(46,46,46),(47,47,47),(48,48,48),(49,49,49),(50,50,50),(51,51,51),(52,52,52),(53,53,53),(54,54,54),(55,55,55),(56,56,56),(57,57,57),(58,58,58),(59,59,59),(60,60,60),(61,61,61),(62,62,62),(63,63,63),(64,64,64),(65,65,65),(66,66,66),(67,67,67),(68,68,68),(69,69,69),(70,70,70),(71,71,71),(72,72,72),(73,73,73),(74,74,74),(75,75,75),(76,76,76),(77,77,77),(78,78,78),(79,79,79),(80,80,80),(81,81,81),(82,82,82),(83,83,83),(84,84,84),(85,85,85),(86,86,86),(87,87,87),(88,88,88),(89,89,89),(90,90,90),(91,91,91),(92,92,92),(93,93,93),(94,94,94),(95,95,95),(96,96,96),(97,97,97),(98,98,98),(99,99,99),(100,100,100);
/*!40000 ALTER TABLE `photos` ENABLE KEYS */;
UNLOCK TABLES;

--
-- Table structure for table `profiles`
--

DROP TABLE IF EXISTS `profiles`;
/*!40101 SET @saved_cs_client     = @@character_set_client */;
/*!40101 SET character_set_client = utf8 */;
CREATE TABLE `profiles` (
  `user_id` bigint(20) unsigned NOT NULL AUTO_INCREMENT,
  `gender` char(1) COLLATE utf8mb4_unicode_ci DEFAULT NULL,
  `birthday` date DEFAULT NULL,
  `photo_id` bigint(20) unsigned DEFAULT NULL,
  `created_at` datetime DEFAULT current_timestamp(),
  `hometown` varchar(100) COLLATE utf8mb4_unicode_ci DEFAULT NULL,
  PRIMARY KEY (`user_id`),
  KEY `fk_photo_id` (`photo_id`),
  CONSTRAINT `fk_photo_id` FOREIGN KEY (`photo_id`) REFERENCES `photos` (`id`) ON DELETE SET NULL ON UPDATE CASCADE,
  CONSTRAINT `fk_user_id` FOREIGN KEY (`user_id`) REFERENCES `users` (`id`) ON DELETE CASCADE ON UPDATE CASCADE
) ENGINE=InnoDB AUTO_INCREMENT=101 DEFAULT CHARSET=utf8mb4 COLLATE=utf8mb4_unicode_ci;
/*!40101 SET character_set_client = @saved_cs_client */;

--
-- Dumping data for table `profiles`
--

LOCK TABLES `profiles` WRITE;
/*!40000 ALTER TABLE `profiles` DISABLE KEYS */;
INSERT INTO `profiles` VALUES (1,'f','1973-09-14',1,'1989-01-05 13:01:58',NULL),(2,'m','1974-05-19',2,'1993-10-30 06:13:18',NULL),(3,'m','1974-03-30',3,'1983-09-29 03:17:39',NULL),(4,'f','2009-07-05',4,'2013-05-22 08:44:05',NULL),(5,'m','1995-07-08',5,'1988-04-16 17:49:15',NULL),(6,'f','1980-07-15',6,'1980-04-12 06:11:17',NULL),(7,'m','1983-11-18',7,'2006-08-03 18:24:42',NULL),(8,'m','2000-07-22',8,'2014-01-03 22:50:21',NULL),(9,'m','1981-06-05',9,'2003-03-11 20:58:00',NULL),(10,'f','1989-07-07',10,'2020-07-22 11:44:17',NULL),(11,'f','1983-01-04',11,'2010-04-21 23:08:21',NULL),(12,'f','2011-04-05',12,'1997-05-31 11:32:37',NULL),(13,'f','2013-03-31',13,'2004-04-24 12:44:49',NULL),(14,'f','2003-03-22',14,'1986-10-12 21:55:32',NULL),(15,'m','1971-01-14',15,'2017-09-15 13:21:31',NULL),(16,'f','2005-08-15',16,'1984-06-20 11:50:27',NULL),(17,'m','1979-02-15',17,'1991-12-20 21:47:34',NULL),(18,'f','1995-04-29',18,'2019-12-20 04:44:17',NULL),(19,'f','1971-10-03',19,'1988-05-19 11:28:31',NULL),(20,'m','2012-07-30',20,'1973-08-14 14:49:41',NULL),(21,'m','1977-04-30',21,'1992-12-01 23:29:55',NULL),(22,'m','2013-06-21',22,'1977-03-10 11:49:33',NULL),(23,'m','1973-05-24',23,'1999-02-13 17:49:27',NULL),(24,'f','1980-05-20',24,'2005-11-11 18:06:12',NULL),(25,'m','1986-06-11',25,'2008-04-28 03:01:42',NULL),(26,'m','2017-10-28',26,'1984-08-17 17:56:31',NULL),(27,'m','1997-09-03',27,'2010-05-16 20:51:51',NULL),(28,'f','2002-04-04',28,'1975-03-08 10:00:29',NULL),(29,'m','2000-11-10',29,'2012-10-12 00:27:46',NULL),(30,'f','2005-12-24',30,'2021-08-03 15:28:18',NULL),(31,'m','1978-04-18',31,'2009-10-19 15:22:53',NULL),(32,'m','2015-07-31',32,'2020-04-09 15:18:52',NULL),(33,'m','2015-01-19',33,'1976-06-03 19:21:36',NULL),(34,'f','2018-07-24',34,'1989-06-25 13:34:41',NULL),(35,'f','2009-04-19',35,'2000-08-31 22:26:06',NULL),(36,'m','1977-10-11',36,'2003-07-24 11:36:45',NULL),(37,'f','2021-05-22',37,'1978-06-25 21:55:06',NULL),(38,'f','1994-07-12',38,'1970-03-16 16:21:44',NULL),(39,'m','2005-01-27',39,'2006-06-07 20:51:05',NULL),(40,'f','2010-02-19',40,'1986-10-13 05:55:37',NULL),(41,'m','1991-04-25',41,'1992-10-20 19:38:51',NULL),(42,'m','1981-05-08',42,'2005-05-02 15:42:36',NULL),(43,'m','1978-05-31',43,'1972-09-12 06:27:04',NULL),(44,'m','2015-07-28',44,'1987-03-19 01:56:09',NULL),(45,'m','2006-05-31',45,'2019-10-09 20:36:24',NULL),(46,'m','1976-09-24',46,'2008-02-05 02:58:00',NULL),(47,'f','2009-06-13',47,'1994-09-15 13:18:00',NULL),(48,'f','1993-12-22',48,'1996-02-27 20:12:04',NULL),(49,'m','1991-10-05',49,'1988-05-22 21:29:37',NULL),(50,'m','2017-11-14',50,'1971-12-26 12:06:54',NULL),(51,'m','2004-09-14',51,'1979-01-09 03:46:00',NULL),(52,'f','2014-01-29',52,'1992-07-27 19:08:31',NULL),(53,'f','1976-01-01',53,'2021-11-24 23:32:53',NULL),(54,'f','2012-08-19',54,'2002-02-02 05:38:52',NULL),(55,'m','1970-02-02',55,'1984-12-31 03:40:36',NULL),(56,'f','2003-05-19',56,'1990-02-25 20:40:42',NULL),(57,'f','2015-04-19',57,'1986-05-26 04:05:17',NULL),(58,'m','2005-06-30',58,'2007-08-17 11:18:52',NULL),(59,'m','1978-06-27',59,'1996-12-28 14:00:21',NULL),(60,'m','1972-02-24',60,'2004-03-02 23:16:02',NULL),(61,'m','2004-02-08',61,'2006-11-08 03:14:54',NULL),(62,'f','2002-12-01',62,'2002-10-06 10:50:24',NULL),(63,'f','1990-12-18',63,'2010-07-27 03:19:05',NULL),(64,'m','2020-01-15',64,'1978-04-10 10:25:44',NULL),(65,'m','2012-04-02',65,'1979-08-24 18:11:31',NULL),(66,'m','1983-10-03',66,'2009-05-30 14:24:04',NULL),(67,'f','2012-09-25',67,'1971-05-22 03:10:52',NULL),(68,'m','2004-01-10',68,'1991-05-13 20:54:22',NULL),(69,'m','1985-09-27',69,'1979-07-05 10:30:48',NULL),(70,'m','1987-11-28',70,'2003-06-04 06:25:10',NULL),(71,'m','2013-11-25',71,'2003-02-26 03:44:16',NULL),(72,'m','1972-11-25',72,'1971-12-27 15:43:43',NULL),(73,'m','2011-08-15',73,'1979-02-25 12:27:53',NULL),(74,'f','2013-11-10',74,'1992-08-19 01:41:01',NULL),(75,'f','1972-12-21',75,'1990-11-07 06:09:11',NULL),(76,'m','1982-06-02',76,'1996-05-06 08:57:22',NULL),(77,'f','1994-03-25',77,'2011-01-04 22:22:44',NULL),(78,'f','2015-03-20',78,'1974-05-07 03:20:35',NULL),(79,'m','2002-09-30',79,'1995-08-29 15:37:21',NULL),(80,'f','1970-09-26',80,'1994-08-27 21:34:31',NULL),(81,'m','2010-11-15',81,'2004-12-14 21:11:51',NULL),(82,'m','1983-08-11',82,'1970-12-28 20:17:04',NULL),(83,'f','2007-10-02',83,'1985-03-17 20:23:54',NULL),(84,'f','1983-03-12',84,'2004-06-28 15:58:38',NULL),(85,'f','1985-07-23',85,'2006-08-05 18:40:13',NULL),(86,'m','1975-02-18',86,'1996-07-27 01:58:16',NULL),(87,'m','1986-09-18',87,'1975-05-15 14:03:48',NULL),(88,'f','1973-12-15',88,'1998-08-09 09:58:48',NULL),(89,'f','1985-02-24',89,'2015-01-31 16:30:26',NULL),(90,'f','2008-11-05',90,'2000-07-28 16:25:07',NULL),(91,'f','2017-12-21',91,'1994-06-12 14:06:38',NULL),(92,'f','1999-09-03',92,'1982-08-02 04:31:31',NULL),(93,'f','2021-04-28',93,'2011-07-05 15:40:13',NULL),(94,'f','2017-11-10',94,'1990-05-26 13:20:04',NULL),(95,'f','2003-08-11',95,'1995-02-15 12:21:55',NULL),(96,'f','1999-01-25',96,'2000-12-04 22:12:24',NULL),(97,'f','1975-05-09',97,'1978-11-21 11:01:15',NULL),(98,'m','1976-06-18',98,'1981-04-21 21:15:49',NULL),(99,'m','1998-04-20',99,'1972-05-06 05:54:08',NULL),(100,'m','1984-02-04',100,'2013-09-20 06:05:19',NULL);
/*!40000 ALTER TABLE `profiles` ENABLE KEYS */;
UNLOCK TABLES;

--
-- Table structure for table `users`
--

DROP TABLE IF EXISTS `users`;
/*!40101 SET @saved_cs_client     = @@character_set_client */;
/*!40101 SET character_set_client = utf8 */;
CREATE TABLE `users` (
  `id` bigint(20) unsigned NOT NULL AUTO_INCREMENT,
  `firstname` varchar(100) COLLATE utf8mb4_unicode_ci DEFAULT NULL,
  `lastname` varchar(100) COLLATE utf8mb4_unicode_ci DEFAULT NULL COMMENT '',
  `email` varchar(100) COLLATE utf8mb4_unicode_ci DEFAULT NULL,
  `password_hash` varchar(100) COLLATE utf8mb4_unicode_ci DEFAULT NULL,
  `phone` bigint(20) DEFAULT NULL,
  `is_deleted` bit(1) DEFAULT b'0',
  PRIMARY KEY (`id`),
  UNIQUE KEY `email` (`email`),
  KEY `users_firstname_lastname_idx` (`firstname`,`lastname`)
) ENGINE=InnoDB AUTO_INCREMENT=101 DEFAULT CHARSET=utf8mb4 COLLATE=utf8mb4_unicode_ci;
/*!40101 SET character_set_client = @saved_cs_client */;

--
-- Dumping data for table `users`
--

LOCK TABLES `users` WRITE;
/*!40000 ALTER TABLE `users` DISABLE KEYS */;
INSERT INTO `users` VALUES (1,'Ron','Gleason','callie06@example.net','3a1af6d685c8a0786e6dc0f2c94b5b65d94de2e0',99126544994,'\0'),(2,'Cletus','Blick','furman94@example.com','7ea53c680dc387fec0d0372589a808b1681b4dad',94278379252,'\0'),(3,'Casandra','Wintheiser','braulio.ward@example.org','877eac57cbd6ad18535f0b3fa72332de70d75a3b',99037980408,'\0'),(4,'Janelle','Kerluke','hermiston.maude@example.com','1288d2a2253142215547a2e364374f76a747cd7c',97230966294,'\0'),(5,'Augustus','Ferry','nsauer@example.net','43fcd86137bfe5113e2adad82ae657168af4649d',93818220446,'\0'),(6,'Candice','Ruecker','pollich.jasen@example.com','679b875ab18869a13908d5270df0cbec9f3ea83f',94015327111,'\0'),(7,'Lenora','Daniel','tromp.hermina@example.net','6691feb28934766e14b0c043c0a704b1446785d8',95837945540,''),(8,'Damon','Willms','ymorissette@example.com','91693f24453e5bcfa7171ac077ce897b5e837a7b',94993879541,''),(9,'Caterina','Russel','twehner@example.org','aafce54643efe04d12ca175dfb1e5d887562c5b8',99979836227,'\0'),(10,'Arturo','Nitzsche','chickle@example.com','49958aa5627a54e9f44aa1528b76f137a4125047',91858242760,'\0'),(11,'Daniela','Stracke','dooley.sylvia@example.org','073f03bc2f02b5c187d840051b8e8ddc57829c9b',97137498905,''),(12,'Eugene','Ryan','jblick@example.org','4fb606a10586a3f210f358ae625fd4dfd47920d3',98806217786,''),(13,'Salvador','Lehner','pkeebler@example.org','f4d30f61595059cc9c53064ed3c98932df3579ba',90742934938,'\0'),(14,'Murphy','Raynor','cleta.howe@example.org','09acb90469ded6be05728922654fda92b8e3617e',92641813146,'\0'),(15,'Glennie','Volkman','afton30@example.org','4e697316a43f11947240f83f296bb2d406c364b6',92651244650,'\0'),(16,'Dandre','Runte','czemlak@example.org','f662ef5854d8be9508bbfad872a248594086e915',90929568438,''),(17,'Donavon','Skiles','gaston.erdman@example.com','1718aa177f8ca829f3beece54061415b741ac921',99887042985,'\0'),(18,'Kimberly','Rosenbaum','lavonne17@example.org','9ed9671ccb519d30ca768dfee2f1f72b47902856',94569703664,''),(19,'Verner','Haag','kaelyn23@example.org','b74d0110f001bf9720a00def5a74375a52199fd1',97228378828,'\0'),(20,'Joy','Lakin','hilma06@example.com','7bc2456862ac1806f34f8631f6014e079588c50a',92772995919,''),(21,'Karson','Bins','vernice.lowe@example.org','044f134e18c3d38da40f84353a0fbebe484ba0f2',90604569018,''),(22,'Anna','Treutel','bergnaum.prudence@example.org','4b6abc424198db5780092047d507ac4fbed3d727',95197860419,''),(23,'Lacey','Batz','imogene20@example.net','cdeefbfda3efdc84c4d3a67557b32efa0601226c',91777463277,''),(24,'Kelsi','Pfannerstill','kody.langosh@example.net','6c151d347511ea52b5aeccdf8495a564f1407169',97967109394,'\0'),(25,'Randi','Heidenreich','abel.witting@example.org','d14f22776df033d8302e32cdfa53e2ab4bfd9afb',93722895176,''),(26,'Lera','Jacobi','heathcote.ludie@example.org','0481c27e3416054c07761a052d2dab62f0d54dbf',93289604700,'\0'),(27,'Lulu','Toy','tamia.murphy@example.net','470905b2cf67915e6f07ed86b891ac599cd86124',98413767254,''),(28,'Chadrick','Donnelly','eudora69@example.com','dbae1a5a7c985e174533429749a408b111b8d953',94651763106,''),(29,'Chester','Schumm','destin.schoen@example.org','df1ee714d6751febc34742c159e461e8397e2209',98012304435,''),(30,'Emerson','Witting','jennings.heller@example.net','8123237b7f0febe512f79be5c6859307d3297372',91607968230,''),(31,'Nicolas','Halvorson','baylee.purdy@example.org','016e5bac1a621d674e0146a8df074cc9f555851c',94866992712,'\0'),(32,'Vida','Bartoletti','brannon11@example.org','630a40c4d8351256f5b5628e5ccffc5de2a188ef',90164516657,''),(33,'Shane','Gleason','ora68@example.com','93348a9ec46e19d74876f12fb479e6d88c988870',90234127650,'\0'),(34,'Morgan','Hermiston','lulu.ratke@example.org','9506fa91547074d371b84b8c2a2d3c7a714bf858',97875447006,'\0'),(35,'Dino','Murray','kory.wilkinson@example.com','2005fc3161594e899825841247d34f1986bc0000',92894337732,''),(36,'Isabelle','Stiedemann','kristoffer.farrell@example.net','0fa343ce99cd1427748f30312604c3795b9b39c2',90735984091,''),(37,'Cheyenne','Rosenbaum','yrohan@example.com','07ca8dbbd65a4b05c8d7c0b4547a29c50ce769e5',97692169871,''),(38,'Pietro','Kuhic','seamus75@example.com','64bc8c5c38354f1b6d01eb3f3f5c711724f440ab',94133244517,'\0'),(39,'Zander','Beahan','wehner.judah@example.com','92b30ba3f2beb92355d66f68d067ac3069f42de0',93581999090,'\0'),(40,'Ethan','Ruecker','kmedhurst@example.net','b2516d6ac34d80c11d9abd960e71e1a437adc465',99810814503,'\0'),(41,'Isadore','Davis','jada33@example.net','ac6d8dde508c11a0e1bce9e20f531a74ec2c91f8',96135956228,'\0'),(42,'Jamir','Cronin','pascale.o\'keefe@example.org','f126ea331c8cbfe7b232c04b4687853522455f02',98504500355,''),(43,'Nathanael','Mohr','monte39@example.net','c54fc6db775fca8d6fe4eac13c43e8406af2c2aa',98724295426,''),(44,'Jaquelin','Keeling','gibson.diamond@example.net','04e8a757aaa9a6c207ba6f688be1574979960768',97617585490,''),(45,'Owen','Kerluke','lillie.mckenzie@example.org','e48b58aae398f4de14881f6d6cd5778d78ab1375',92747656108,''),(46,'Dewitt','Jenkins','antonette67@example.com','f153c7764de3b7fa6efa88ff2bbd4875ed79ef31',90177346878,''),(47,'Abbie','Bailey','leonora80@example.com','fa2ff2222bc250b3cd4e095f4964bcb3074407e5',97758383237,'\0'),(48,'Elmo','Strosin','ccrona@example.org','3f04a4823f8062ad83ed7bd42df52020ceb3539f',94229098485,'\0'),(49,'Alexandro','Waelchi','demetrius32@example.net','df2e6f6adb6f0e1b367e82a18bb1b723dbe56ac8',99621579287,'\0'),(50,'Darrion','Schmitt','monserrate96@example.org','1c72c698ae8f8eb89bca12272cd70f361071921c',95275770051,''),(51,'Albert','Brown','jazmyn.aufderhar@example.com','e3bf5de658ccee509ea93b008a3aa41a8c38c7eb',93220319856,''),(52,'Sandra','Sanford','alf65@example.net','3babc8d7e4df4c6a3d6b50974d146741a2838531',92998786826,'\0'),(53,'Sigrid','Kulas','kihn.kirk@example.org','9d752032d93a54412d030b949731855088316e5c',94015836671,'\0'),(54,'Billie','Walter','opal87@example.org','2196722002bbaeab27a6c35eedc075d7b1fc6c94',94759890481,'\0'),(55,'Nova','Stanton','pheidenreich@example.net','674d2c44983cf1f1ea874e9d6ee2d9eb4c43d9b3',95932899953,'\0'),(56,'Obie','Heaney','nienow.myrna@example.org','d113f869f336e97d281a397095f90224f11833ea',99270045607,'\0'),(57,'Lewis','Blick','zreilly@example.org','7bf1d5900741fd3e3171569358a4a1f5e558459a',97098808314,'\0'),(58,'Keon','Flatley','mante.meagan@example.com','16d7bf6195c63253d67e03e3189532d02d5b073f',96763480411,'\0'),(59,'Salma','Wilkinson','savanah.pouros@example.org','9f09bbd4de9939ebf3ad9204f9df81152c7ef985',96784680400,''),(60,'Tyra','Renner','keebler.june@example.com','fadfa0cfd388fa63b347d3d34e06edcc74986abb',91361098160,''),(61,'Porter','Lowe','tmckenzie@example.com','74fa9fbdf8e35fe6ffd47aebf123ee89ace3f5a3',91014649291,'\0'),(62,'Linwood','Hammes','dreichert@example.com','0e3874b7eb63eadd78180c31a926c85d3f7c1932',94986357160,''),(63,'Margaretta','Luettgen','sebastian.walsh@example.net','237dfaae82962971ba6b9ba7b3b0e7a35d8ce1cc',90886581680,''),(64,'Vita','Dietrich','terence06@example.org','62997079d0e3a52bcf221c625bd581266c5dbf4f',90307685319,''),(65,'Quinten','Runolfsson','padberg.caleigh@example.net','1015475bcf228efb424013da9e35cb4d8c55a846',92170429622,'\0'),(66,'Humberto','Kunze','kaylah29@example.net','dbb59810920f5f8b11bcd3f667e85c7a8a1e54ff',99221977530,''),(67,'Ally','Mraz','jairo15@example.org','7e96a5f6be379fbb7f4af86bd252852b32a113f2',97540947276,'\0'),(68,'Joanie','Leuschke','tbergnaum@example.org','a9970563d134401621ea620a7e04d77235143485',94131129134,'\0'),(69,'Alisa','Klocko','gtorp@example.net','1259dc34e6aee54dc3b0f5cfbf966112972170c3',95317232876,'\0'),(70,'Lizeth','Rempel','rahsaan80@example.net','488d73f6292fbe78be2d75cb7c66deaa8a4be41a',98459311010,'\0'),(71,'Lorenz','Mueller','quigley.eduardo@example.org','8b60f0f7c808bd28dd0b971dc9e51cd12a8cb2bc',95991719759,'\0'),(72,'Zachariah','Miller','tkautzer@example.net','86b0d2a4ebba39d38cb4d3885d7c945f9d624b14',98163519486,''),(73,'Giovani','Sporer','kheller@example.com','5713b8ba6fc4bff1b8688ddd7aaa54ebedde86bd',91042775382,'\0'),(74,'Otho','Kunde','hhammes@example.net','b862ae85bd8462d25c982578bd83c856df460aa2',92535803785,'\0'),(75,'Lavern','Runolfsdottir','larissa.doyle@example.net','bf2b7e24cc8488a001c4b6df980f27c5ec0fe72f',93889432807,''),(76,'Amelie','Collier','maxine.goldner@example.org','0e57633449d141bc91b7244b5c4e99bdc8428cfc',94688093869,'\0'),(77,'Diamond','Torp','marquardt.presley@example.org','97c4d7211030a82c793a154faf37153c9df82dc1',99939892687,''),(78,'Darrel','Breitenberg','francisca.champlin@example.net','55751ce958c55e9b12dcdf0cfa310bcd306391b5',99257175218,''),(79,'Ramon','Heaney','vrohan@example.net','c63e80c118db1880c03a4f1fa9916950d41fc15e',93186034347,'\0'),(80,'Micaela','Larkin','floyd.koepp@example.net','bdf8e91c297b237031049027e738768aa2af1fe5',92782719327,''),(81,'Antonio','Mante','amraz@example.org','6c34d0b7c456932d9e374f7d7a9632405b31eb04',96118002559,''),(82,'Letitia','Fadel','runolfsson.mazie@example.com','ff1f2024e56492a26cf208033d53b240779f9f04',99717303146,''),(83,'Edyth','Senger','dcasper@example.com','f0aa50387650a6ce4281cb3fa919092eb8e8abc7',99573714848,'\0'),(84,'Johan','Fahey','mosinski@example.com','42a61ce26370c55e8e748a47d550417f11f1780b',90355604044,''),(85,'Serena','Terry','ro\'hara@example.org','beea8857c9e9769932a09a00079eb22de632a723',91022097106,'\0'),(86,'Gunnar','Schaden','mdaugherty@example.com','a247e28b7246faabfe6d3f56e7a27dcbe1406ec3',98593245878,'\0'),(87,'Toni','Gutmann','gorn@example.com','707282c4f131bea5cc2448bf40f61f0e1e09b7e5',90888999524,'\0'),(88,'Precious','Collier','dejon.mohr@example.org','5b79c164e0784b7bf63d0b91ba7cc58b3a07bbb7',99972059414,'\0'),(89,'Rex','Smith','brenda52@example.net','33388cbaaa3351e5d62bb44292cef68afd6bfe63',97032484229,''),(90,'Colby','Davis','elijah00@example.com','2c7f59932e42bcb7547039509b88419191e6f336',92547846512,'\0'),(91,'Glennie','Stanton','loyal69@example.net','71839d1bb3b8e22f2e1f43c5fcf9cf6d7684e63c',97813730471,''),(92,'Rashad','Crooks','kaylee34@example.org','9f37ee0727c15acbbf9f38ff3f89703012fefe41',96276553997,''),(93,'Cora','Rohan','norene02@example.com','a6c40c31a5274accbc700c9406148c96973ec05d',93312241585,''),(94,'Tressa','Gerhold','franecki.alva@example.net','f8658bab5298969ba08757f9cd8f140e662740c1',91122449283,''),(95,'Wilber','Hyatt','cathryn28@example.org','e9ed181ccaa812bfd7cc99d4b3caab2c973c086c',94102699465,''),(96,'Ludie','Murphy','leatha72@example.com','ca767a591e7d6c5ebba96fbe91b883a0934c0807',98646925025,''),(97,'Liliane','Schumm','amaya.mcglynn@example.com','c59b076d6ee2f1f1ff079ef127688ec331bc34fc',95384635215,'\0'),(98,'Alejandrin','Rempel','kailee41@example.com','8f4d4e9d5188a41fcf6b0f6b5ab6e632cb78bb0a',91632435984,'\0'),(99,'Angelica','Koelpin','dariana.streich@example.org','f620848d73a5354f6e2414d0b736fd76e4ad3888',96298919588,''),(100,'Edgar','Rutherford','ihickle@example.com','2a1cc4b40b28c6d1da51c9253f36502c328b27e8',98011946933,'\0');
/*!40000 ALTER TABLE `users` ENABLE KEYS */;
UNLOCK TABLES;

--
-- Table structure for table `users_communities`
--

DROP TABLE IF EXISTS `users_communities`;
/*!40101 SET @saved_cs_client     = @@character_set_client */;
/*!40101 SET character_set_client = utf8 */;
CREATE TABLE `users_communities` (
  `user_id` bigint(20) unsigned NOT NULL,
  `community_id` bigint(20) unsigned NOT NULL,
  PRIMARY KEY (`user_id`,`community_id`),
  KEY `community_id` (`community_id`),
  CONSTRAINT `users_communities_ibfk_1` FOREIGN KEY (`user_id`) REFERENCES `users` (`id`) ON DELETE CASCADE ON UPDATE CASCADE,
  CONSTRAINT `users_communities_ibfk_2` FOREIGN KEY (`community_id`) REFERENCES `communities` (`id`) ON DELETE CASCADE ON UPDATE CASCADE
) ENGINE=InnoDB DEFAULT CHARSET=utf8mb4 COLLATE=utf8mb4_unicode_ci;
/*!40101 SET character_set_client = @saved_cs_client */;

--
-- Dumping data for table `users_communities`
--

LOCK TABLES `users_communities` WRITE;
/*!40000 ALTER TABLE `users_communities` DISABLE KEYS */;
INSERT INTO `users_communities` VALUES (1,1),(2,2),(3,3),(4,4),(5,5),(6,6),(7,7),(8,8),(9,9),(10,10),(11,11),(12,12),(13,13),(14,14),(15,15),(16,16),(17,17),(18,18),(19,19),(20,20),(21,21),(22,22),(23,23),(24,24),(25,25),(26,26),(27,27),(28,28),(29,29),(30,30),(31,31),(32,32),(33,33),(34,34),(35,35),(36,36),(37,37),(38,38),(39,39),(40,40),(41,41),(42,42),(43,43),(44,44),(45,45),(46,46),(47,47),(48,48),(49,49),(50,50),(51,51),(52,52),(53,53),(54,54),(55,55),(56,56),(57,57),(58,58),(59,59),(60,60),(61,61),(62,62),(63,63),(64,64),(65,65),(66,66),(67,67),(68,68),(69,69),(70,70),(71,71),(72,72),(73,73),(74,74),(75,75),(76,76),(77,77),(78,78),(79,79),(80,80),(81,81),(82,82),(83,83),(84,84),(85,85),(86,86),(87,87),(88,88),(89,89),(90,90),(91,91),(92,92),(93,93),(94,94),(95,95),(96,96),(97,97),(98,98),(99,99),(100,100);
/*!40000 ALTER TABLE `users_communities` ENABLE KEYS */;
UNLOCK TABLES;
/*!40103 SET TIME_ZONE=@OLD_TIME_ZONE */;

/*!40101 SET SQL_MODE=@OLD_SQL_MODE */;
/*!40014 SET FOREIGN_KEY_CHECKS=@OLD_FOREIGN_KEY_CHECKS */;
/*!40014 SET UNIQUE_CHECKS=@OLD_UNIQUE_CHECKS */;
/*!40101 SET CHARACTER_SET_CLIENT=@OLD_CHARACTER_SET_CLIENT */;
/*!40101 SET CHARACTER_SET_RESULTS=@OLD_CHARACTER_SET_RESULTS */;
/*!40101 SET COLLATION_CONNECTION=@OLD_COLLATION_CONNECTION */;
/*!40111 SET SQL_NOTES=@OLD_SQL_NOTES */;

-- Dump completed on 2021-12-29 16:32:01

-- 2.  ,    ( firstname)      .

SELECT DISTINCT firstname FROM users;

-- 3.      .

DELETE FROM users
LIMIT 5;

-- 4.  ,     (  ).

--    
UPDATE messages 
	SET created_at='2022-01-20 10:06:29'
	WHERE id=2;

--    
DELETE FROM messages 
WHERE created_at > NOW();

/*    !!
 * DELETE FROM messages 
WHERE created_at > CURRENT_DATE();*/


-- 5.     .
--    

