--
-- Table structure for table `communities`
--

DROP TABLE IF EXISTS `communities`;
/*!40101 SET @saved_cs_client     = @@character_set_client */;
/*!40101 SET character_set_client = utf8 */;
CREATE TABLE `communities` (
  `id` bigint(20) unsigned NOT NULL AUTO_INCREMENT,
  `name` varchar(150) COLLATE utf8mb4_unicode_ci DEFAULT NULL,
  `admin_user_id` bigint(20) unsigned DEFAULT NULL,
  PRIMARY KEY (`id`),
  KEY `communities_name_idx` (`name`),
  KEY `admin_user_id` (`admin_user_id`),
  CONSTRAINT `communities_ibfk_1` FOREIGN KEY (`admin_user_id`) REFERENCES `users` (`id`) ON DELETE SET NULL ON UPDATE CASCADE
) ENGINE=InnoDB AUTO_INCREMENT=101 DEFAULT CHARSET=utf8mb4 COLLATE=utf8mb4_unicode_ci;
/*!40101 SET character_set_client = @saved_cs_client */;

--
-- Dumping data for table `communities`
--

LOCK TABLES `communities` WRITE;
/*!40000 ALTER TABLE `communities` DISABLE KEYS */;
INSERT INTO `communities` VALUES (1,'dignissimos',1),(2,'velit',2),(3,'nulla',3),(4,'nisi',4),(5,'animi',5),(6,'dolorem',6),(7,'quae',7),(8,'tenetur',8),(9,'et',9),(10,'enim',10),(11,'et',11),(12,'rerum',12),(13,'et',13),(14,'alias',14),(15,'repudiandae',15),(16,'error',16),(17,'et',17),(18,'ratione',18),(19,'eius',19),(20,'autem',20),(21,'facere',21),(22,'et',22),(23,'maiores',23),(24,'non',24),(25,'omnis',25),(26,'fugit',26),(27,'voluptatem',27),(28,'voluptate',28),(29,'similique',29),(30,'minima',30),(31,'nam',31),(32,'est',32),(33,'voluptatum',33),(34,'quia',34),(35,'assumenda',35),(36,'neque',36),(37,'dignissimos',37),(38,'nam',38),(39,'laboriosam',39),(40,'illum',40),(41,'assumenda',41),(42,'ullam',42),(43,'dolorum',43),(44,'eum',44),(45,'id',45),(46,'voluptates',46),(47,'pariatur',47),(48,'veniam',48),(49,'et',49),(50,'architecto',50),(51,'dolores',51),(52,'fugiat',52),(53,'id',53),(54,'suscipit',54),(55,'facere',55),(56,'similique',56),(57,'assumenda',57),(58,'consectetur',58),(59,'ipsam',59),(60,'voluptatem',60),(61,'autem',61),(62,'quis',62),(63,'libero',63),(64,'aut',64),(65,'ratione',65),(66,'impedit',66),(67,'animi',67),(68,'vel',68),(69,'provident',69),(70,'voluptates',70),(71,'atque',71),(72,'dignissimos',72),(73,'praesentium',73),(74,'repellat',74),(75,'nihil',75),(76,'alias',76),(77,'accusantium',77),(78,'rerum',78),(79,'porro',79),(80,'nulla',80),(81,'omnis',81),(82,'id',82),(83,'hic',83),(84,'eos',84),(85,'consequatur',85),(86,'quia',86),(87,'tempora',87),(88,'cupiditate',88),(89,'quo',89),(90,'magnam',90),(91,'qui',91),(92,'porro',92),(93,'molestiae',93),(94,'maxime',94),(95,'voluptatem',95),(96,'saepe',96),(97,'consectetur',97),(98,'saepe',98),(99,'et',99),(100,'assumenda',100);
/*!40000 ALTER TABLE `communities` ENABLE KEYS */;
UNLOCK TABLES;

--
-- Table structure for table `friend_requests`
--

DROP TABLE IF EXISTS `friend_requests`;
/*!40101 SET @saved_cs_client     = @@character_set_client */;
/*!40101 SET character_set_client = utf8 */;
CREATE TABLE `friend_requests` (
  `initiator_user_id` bigint(20) unsigned NOT NULL,
  `target_user_id` bigint(20) unsigned NOT NULL,
  `status` enum('requested','approved','declined','unfriended') COLLATE utf8mb4_unicode_ci DEFAULT NULL,
  `requested_at` datetime DEFAULT current_timestamp(),
  `updated_at` datetime DEFAULT NULL ON UPDATE current_timestamp(),
  PRIMARY KEY (`initiator_user_id`,`target_user_id`),
  KEY `target_user_id` (`target_user_id`),
  CONSTRAINT `friend_requests_ibfk_1` FOREIGN KEY (`initiator_user_id`) REFERENCES `users` (`id`) ON DELETE CASCADE ON UPDATE CASCADE,
  CONSTRAINT `friend_requests_ibfk_2` FOREIGN KEY (`target_user_id`) REFERENCES `users` (`id`) ON DELETE CASCADE ON UPDATE CASCADE
) ENGINE=InnoDB DEFAULT CHARSET=utf8mb4 COLLATE=utf8mb4_unicode_ci;
/*!40101 SET character_set_client = @saved_cs_client */;

--
-- Dumping data for table `friend_requests`
--

LOCK TABLES `friend_requests` WRITE;
/*!40000 ALTER TABLE `friend_requests` DISABLE KEYS */;
INSERT INTO `friend_requests` VALUES (1,1,'declined','1972-01-22 07:37:25','1995-05-27 22:47:19'),(2,2,'unfriended','1995-06-27 01:06:05','2012-10-03 09:03:02'),(3,3,'declined','1995-03-04 16:30:52','2004-05-21 11:48:18'),(4,4,'requested','1972-01-15 11:54:44','1996-01-22 12:29:55'),(5,5,'unfriended','1979-02-12 20:08:26','1991-04-24 17:35:16'),(6,6,'approved','2021-06-16 03:42:44','1987-09-24 10:31:12'),(7,7,'unfriended','2015-08-23 08:04:42','1994-07-27 04:01:34'),(8,8,'declined','1970-07-14 11:29:33','1988-08-08 10:39:26'),(9,9,'unfriended','2010-09-27 17:38:47','2010-08-22 13:44:44'),(10,10,'approved','2014-04-18 02:02:18','1989-05-26 19:45:30'),(11,11,'requested','2013-02-26 04:47:05','2000-08-26 20:04:55'),(12,12,'unfriended','2005-07-12 09:10:40','1998-12-01 11:27:37'),(13,13,'declined','1979-02-10 22:53:50','1989-10-04 22:24:25'),(14,14,'requested','1970-06-05 19:23:22','2012-04-02 23:18:18'),(15,15,'unfriended','2006-03-26 17:50:23','1998-02-26 04:57:00'),(16,16,'unfriended','1984-05-31 16:01:30','1998-05-04 13:39:40'),(17,17,'requested','2008-07-26 21:06:02','2001-09-10 11:06:11'),(18,18,'declined','2001-06-26 17:01:27','1979-04-15 22:32:55'),(19,19,'requested','1984-04-27 13:07:55','2008-02-12 07:52:23'),(20,20,'requested','1990-03-08 19:11:51','2018-05-07 17:48:59'),(21,21,'approved','1989-10-26 22:38:26','2017-12-20 20:49:16'),(22,22,'declined','1988-02-04 01:51:38','1971-09-27 18:02:24'),(23,23,'declined','1977-10-04 01:01:04','2001-04-14 23:30:40'),(24,24,'requested','1985-03-23 06:15:53','1978-10-31 21:09:47'),(25,25,'declined','1973-10-01 09:56:10','1981-05-30 11:11:40'),(26,26,'approved','1990-01-05 02:28:54','2018-11-25 08:03:34'),(27,27,'requested','2007-07-27 02:08:37','2010-11-27 02:44:50'),(28,28,'declined','2000-03-30 13:20:56','1985-03-25 14:48:56'),(29,29,'unfriended','2013-06-08 21:03:52','2014-12-17 01:54:19'),(30,30,'declined','1970-01-08 12:16:53','1992-09-14 21:34:03'),(31,31,'approved','1990-03-24 10:41:55','1973-05-04 13:30:54'),(32,32,'approved','2002-04-06 00:27:02','2002-03-13 01:39:32'),(33,33,'requested','1988-04-12 08:05:47','1982-04-28 02:14:31'),(34,34,'declined','1999-08-04 18:00:39','1995-01-04 05:35:49'),(35,35,'unfriended','2019-08-05 10:42:08','1991-05-15 19:08:34'),(36,36,'requested','1989-05-22 07:36:49','1973-06-20 00:44:42'),(37,37,'unfriended','1986-06-04 17:00:23','1971-03-18 02:31:50'),(38,38,'unfriended','1980-11-02 01:41:59','1976-03-07 22:42:56'),(39,39,'declined','1972-02-22 08:39:27','1973-07-30 17:10:01'),(40,40,'requested','2011-05-14 23:06:06','2002-05-15 19:06:16'),(41,41,'requested','2019-04-22 17:16:04','1980-04-22 19:43:00'),(42,42,'approved','2013-01-15 09:11:43','1982-12-16 20:18:49'),(43,43,'requested','1995-04-12 06:36:18','2002-04-07 14:46:52'),(44,44,'unfriended','2003-04-12 02:31:32','2007-09-29 02:40:04'),(45,45,'requested','1981-11-11 08:35:32','1994-04-16 14:30:49'),(46,46,'approved','1983-03-01 17:25:46','1989-11-10 21:12:02'),(47,47,'approved','1992-07-28 23:57:17','2006-09-04 04:38:05'),(48,48,'requested','1971-08-29 16:01:50','2006-01-08 02:11:26'),(49,49,'approved','1977-07-04 00:42:06','1974-02-14 22:07:49'),(50,50,'requested','2004-11-12 11:53:14','1970-12-02 23:48:33'),(51,51,'requested','2010-06-12 06:42:41','1981-07-03 08:55:49'),(52,52,'declined','1994-01-18 22:55:52','1986-01-07 10:05:59'),(53,53,'declined','1992-02-15 01:17:33','2007-02-03 22:13:35'),(54,54,'unfriended','1988-07-31 18:12:33','1983-08-07 07:24:51'),(55,55,'declined','2015-06-15 19:43:04','2017-05-31 19:25:02'),(56,56,'unfriended','2021-01-27 20:13:40','1994-01-28 19:55:08'),(57,57,'declined','1974-06-12 22:18:12','1977-07-22 02:10:33'),(58,58,'requested','1994-05-19 14:53:48','2005-08-09 23:26:12'),(59,59,'approved','2021-12-07 17:50:49','1991-04-10 19:42:53'),(60,60,'approved','1972-04-22 13:08:56','1995-10-20 22:18:37'),(61,61,'requested','2020-03-11 23:04:15','1984-07-26 12:24:01'),(62,62,'unfriended','1999-01-24 04:42:51','1998-01-29 19:46:02'),(63,63,'unfriended','1987-11-11 14:41:48','1983-08-19 22:49:47'),(64,64,'approved','2006-08-13 06:40:55','2002-02-02 18:10:57'),(65,65,'declined','1990-10-17 21:13:38','2010-12-10 06:59:05'),(66,66,'declined','1972-07-02 15:16:39','1984-03-04 10:40:25'),(67,67,'approved','1996-07-29 11:31:01','1992-04-29 03:54:49'),(68,68,'unfriended','2009-10-25 16:49:12','2014-01-18 02:34:11'),(69,69,'approved','1975-04-18 19:58:41','1996-04-15 20:33:32'),(70,70,'unfriended','1986-02-03 22:53:44','1979-03-17 03:58:04'),(71,71,'declined','1984-07-16 13:22:18','1978-11-23 00:54:42'),(72,72,'approved','1987-09-03 03:03:39','2005-05-29 14:46:54'),(73,73,'approved','2010-04-16 00:36:59','1982-09-26 03:29:08'),(74,74,'unfriended','1976-03-06 08:07:31','2021-11-04 23:49:00'),(75,75,'unfriended','1980-12-02 21:43:42','1997-07-13 05:57:28'),(76,76,'requested','2006-09-04 18:09:00','1976-04-14 12:59:20'),(77,77,'approved','1983-03-31 11:23:33','1994-01-28 15:27:35'),(78,78,'declined','1999-07-20 13:22:57','2005-08-24 03:25:28'),(79,79,'declined','2019-04-12 20:24:51','1997-04-07 11:24:53'),(80,80,'approved','2005-04-30 03:25:50','2006-11-07 02:01:47'),(81,81,'requested','1984-11-30 12:50:06','1999-05-25 06:27:55'),(82,82,'declined','1996-01-20 03:04:04','1992-12-05 19:30:07'),(83,83,'unfriended','2013-04-19 14:21:59','1974-03-08 08:07:06'),(84,84,'requested','1975-03-25 20:30:00','2004-11-01 13:42:44'),(85,85,'approved','1973-10-11 00:43:51','1972-01-03 15:50:01'),(86,86,'unfriended','2017-02-27 23:51:47','2004-08-11 01:23:36'),(87,87,'approved','1984-07-19 08:46:41','1994-10-28 23:28:50'),(88,88,'unfriended','1992-08-01 17:47:08','2007-10-27 17:39:13'),(89,89,'declined','1977-03-21 11:34:28','2017-06-09 11:04:10'),(90,90,'approved','1997-04-01 06:36:13','1993-05-24 15:01:22'),(91,91,'approved','1998-02-05 00:09:53','1989-09-22 02:20:04'),(92,92,'requested','1982-04-25 13:26:02','1984-08-30 01:37:24'),(93,93,'approved','2005-08-16 00:01:21','1996-04-30 23:34:48'),(94,94,'approved','2018-04-29 18:47:01','2001-05-25 14:48:07'),(95,95,'requested','1980-05-01 18:22:21','1991-04-07 15:12:56'),(96,96,'requested','1992-06-23 20:00:41','1973-07-25 09:04:02'),(97,97,'declined','1974-07-24 20:39:46','2006-04-13 06:31:15'),(98,98,'approved','2007-01-13 00:32:52','1986-10-17 19:17:20'),(99,99,'requested','2015-06-25 09:35:37','1990-11-13 18:48:26'),(100,100,'requested','2016-10-22 03:26:57','1997-05-21 21:42:54');
/*!40000 ALTER TABLE `friend_requests` ENABLE KEYS */;
UNLOCK TABLES;

--
-- Table structure for table `likes`
--

DROP TABLE IF EXISTS `likes`;
/*!40101 SET @saved_cs_client     = @@character_set_client */;
/*!40101 SET character_set_client = utf8 */;
CREATE TABLE `likes` (
  `id` bigint(20) unsigned NOT NULL AUTO_INCREMENT,
  `user_id` bigint(20) unsigned NOT NULL,
  `media_id` bigint(20) unsigned NOT NULL,
  `created_at` datetime DEFAULT current_timestamp(),
  PRIMARY KEY (`id`),
  KEY `user_id` (`user_id`),
  KEY `media_id` (`media_id`),
  CONSTRAINT `likes_ibfk_1` FOREIGN KEY (`user_id`) REFERENCES `users` (`id`) ON DELETE CASCADE ON UPDATE CASCADE,
  CONSTRAINT `likes_ibfk_2` FOREIGN KEY (`media_id`) REFERENCES `media` (`id`) ON DELETE CASCADE ON UPDATE CASCADE
) ENGINE=InnoDB AUTO_INCREMENT=101 DEFAULT CHARSET=utf8mb4 COLLATE=utf8mb4_unicode_ci;
/*!40101 SET character_set_client = @saved_cs_client */;

--
-- Dumping data for table `likes`
--

LOCK TABLES `likes` WRITE;
/*!40000 ALTER TABLE `likes` DISABLE KEYS */;
INSERT INTO `likes` VALUES (1,1,1,'2009-01-03 18:05:12'),(2,2,2,'1986-05-01 12:38:08'),(3,3,3,'2001-02-21 04:58:13'),(4,4,4,'1974-09-12 20:45:37'),(5,5,5,'1980-12-24 09:47:24'),(6,6,6,'2004-03-07 22:05:50'),(7,7,7,'1974-06-13 21:11:57'),(8,8,8,'2012-09-12 16:42:02'),(9,9,9,'2012-07-13 01:59:51'),(10,10,10,'2002-11-27 13:01:20'),(11,11,11,'2015-10-10 07:12:10'),(12,12,12,'2021-06-30 10:00:07'),(13,13,13,'2014-02-06 04:53:44'),(14,14,14,'1976-12-08 09:37:53'),(15,15,15,'2007-01-05 03:37:38'),(16,16,16,'2006-01-01 10:01:58'),(17,17,17,'1990-02-07 17:31:07'),(18,18,18,'2003-02-04 04:39:18'),(19,19,19,'2015-12-26 08:17:39'),(20,20,20,'1973-08-18 11:12:10'),(21,21,21,'2016-12-04 02:26:52'),(22,22,22,'1970-12-03 18:07:36'),(23,23,23,'1993-04-23 05:34:40'),(24,24,24,'1981-09-05 13:25:31'),(25,25,25,'2008-08-28 04:24:05'),(26,26,26,'1978-06-17 23:28:15'),(27,27,27,'2001-10-10 01:50:19'),(28,28,28,'1980-06-27 03:30:56'),(29,29,29,'1998-11-08 20:59:09'),(30,30,30,'1985-06-01 05:04:41'),(31,31,31,'1987-12-03 22:29:13'),(32,32,32,'2009-03-08 14:19:13'),(33,33,33,'2017-09-18 17:45:59'),(34,34,34,'2006-10-23 17:53:12'),(35,35,35,'1973-08-27 21:49:13'),(36,36,36,'2020-12-07 22:49:40'),(37,37,37,'2007-12-30 17:07:10'),(38,38,38,'2007-12-30 15:27:48'),(39,39,39,'1974-06-17 19:51:34'),(40,40,40,'1995-05-12 15:24:34'),(41,41,41,'2002-07-01 06:39:51'),(42,42,42,'2003-10-23 18:06:47'),(43,43,43,'1988-09-28 04:58:37'),(44,44,44,'2010-07-15 14:06:40'),(45,45,45,'1973-11-28 23:53:07'),(46,46,46,'2010-07-18 13:21:42'),(47,47,47,'2007-03-03 09:27:41'),(48,48,48,'1980-05-13 05:47:38'),(49,49,49,'2015-07-06 11:53:13'),(50,50,50,'1998-03-05 07:57:13'),(51,51,51,'1994-11-24 17:47:19'),(52,52,52,'1989-04-26 23:02:15'),(53,53,53,'1973-02-04 10:16:23'),(54,54,54,'1978-12-20 16:09:47'),(55,55,55,'1991-03-13 21:58:53'),(56,56,56,'1975-09-25 11:22:33'),(57,57,57,'1985-03-16 19:53:42'),(58,58,58,'1987-02-02 11:14:12'),(59,59,59,'1994-04-08 10:32:02'),(60,60,60,'1977-02-13 05:22:03'),(61,61,61,'1985-05-28 04:22:19'),(62,62,62,'2008-06-11 05:35:30'),(63,63,63,'2013-08-26 22:21:39'),(64,64,64,'1980-05-28 21:40:17'),(65,65,65,'2006-08-27 10:57:20'),(66,66,66,'1980-01-07 18:51:59'),(67,67,67,'1984-08-25 00:23:36'),(68,68,68,'2010-03-14 05:48:09'),(69,69,69,'1974-03-04 23:42:17'),(70,70,70,'1986-11-18 01:25:03'),(71,71,71,'1974-01-14 04:33:00'),(72,72,72,'1977-01-26 14:43:55'),(73,73,73,'2007-06-08 02:38:06'),(74,74,74,'2006-04-28 10:45:14'),(75,75,75,'1971-01-26 07:25:59'),(76,76,76,'2004-04-16 01:05:40'),(77,77,77,'1972-02-19 12:42:09'),(78,78,78,'1982-01-21 23:51:28'),(79,79,79,'2007-11-02 10:12:26'),(80,80,80,'2020-10-02 10:22:32'),(81,81,81,'2007-03-08 02:52:55'),(82,82,82,'1984-01-28 02:33:48'),(83,83,83,'2002-06-20 10:16:44'),(84,84,84,'1976-05-25 00:53:55'),(85,85,85,'1980-03-26 04:14:01'),(86,86,86,'1976-08-25 19:35:20'),(87,87,87,'2004-03-29 13:03:57'),(88,88,88,'1998-05-22 02:05:40'),(89,89,89,'2006-12-06 01:38:42'),(90,90,90,'2012-11-28 11:41:56'),(91,91,91,'1986-09-06 16:22:36'),(92,92,92,'1975-12-11 02:28:16'),(93,93,93,'1986-06-03 19:00:32'),(94,94,94,'2003-05-14 10:39:10'),(95,95,95,'1975-09-18 05:01:48'),(96,96,96,'1978-10-24 17:18:11'),(97,97,97,'2009-06-30 14:32:13'),(98,98,98,'2002-08-06 21:18:19'),(99,99,99,'1976-02-04 15:53:12'),(100,100,100,'1983-01-29 05:15:01');
/*!40000 ALTER TABLE `likes` ENABLE KEYS */;
UNLOCK TABLES;

--
-- Table structure for table `media`
--

DROP TABLE IF EXISTS `media`;
/*!40101 SET @saved_cs_client     = @@character_set_client */;
/*!40101 SET character_set_client = utf8 */;
CREATE TABLE `media` (
  `id` bigint(20) unsigned NOT NULL AUTO_INCREMENT,
  `media_type_id` bigint(20) unsigned DEFAULT NULL,
  `user_id` bigint(20) unsigned NOT NULL,
  `body` text COLLATE utf8mb4_unicode_ci DEFAULT NULL,
  `filename` varchar(255) COLLATE utf8mb4_unicode_ci DEFAULT NULL,
  `size` int(11) DEFAULT NULL,
  `metadata` longtext CHARACTER SET utf8mb4 COLLATE utf8mb4_bin DEFAULT NULL CHECK (json_valid(`metadata`)),
  `created_at` datetime DEFAULT current_timestamp(),
  `updated_at` datetime DEFAULT current_timestamp() ON UPDATE current_timestamp(),
  PRIMARY KEY (`id`),
  KEY `user_id` (`user_id`),
  KEY `media_type_id` (`media_type_id`),
  CONSTRAINT `media_ibfk_1` FOREIGN KEY (`user_id`) REFERENCES `users` (`id`) ON DELETE CASCADE ON UPDATE CASCADE,
  CONSTRAINT `media_ibfk_2` FOREIGN KEY (`media_type_id`) REFERENCES `media_types` (`id`) ON DELETE SET NULL ON UPDATE CASCADE
) ENGINE=InnoDB AUTO_INCREMENT=101 DEFAULT CHARSET=utf8mb4 COLLATE=utf8mb4_unicode_ci;
/*!40101 SET character_set_client = @saved_cs_client */;

--
-- Dumping data for table `media`
--

LOCK TABLES `media` WRITE;
/*!40000 ALTER TABLE `media` DISABLE KEYS */;
INSERT INTO `media` VALUES (1,1,1,'Inventore officia ad officiis doloribus et a est. Recusandae architecto quas porro. Consequatur numquam aperiam eos qui quia sed quos.','repudiandae',49415,NULL,'1987-11-09 16:59:55','2018-02-01 16:06:07'),(2,2,2,'Quam maxime reiciendis illo voluptatum eum dignissimos. Non eum vitae occaecati consequatur illum recusandae ullam rerum. Incidunt excepturi rerum aut sed.','quae',0,NULL,'1995-11-12 02:23:27','1999-08-04 07:56:52'),(3,3,3,'Totam consequatur voluptatem amet sit. Eum quos sint magnam sit. Ex odio ea adipisci tempore.','iusto',53316140,NULL,'2004-07-26 23:59:32','2018-01-01 11:06:33'),(4,4,4,'Laboriosam dolorum optio sit amet. Velit sint maxime beatae vitae ipsa aut officia. Eveniet eos et magni numquam. A similique fugiat qui non facilis dolorum neque a.','iure',383510,NULL,'1984-02-18 22:26:32','2001-09-26 02:10:48'),(5,5,5,'Dolorem molestiae sit dolorem voluptas distinctio. Dolorem delectus et quidem excepturi neque. Dolorum repudiandae eveniet omnis est repudiandae aperiam.','neque',87,NULL,'2004-11-05 10:49:00','2015-10-03 02:16:26'),(6,6,6,'Cupiditate cum dolores ipsa et. Quis eveniet aut sequi officiis et doloremque perspiciatis. Explicabo voluptatem qui perferendis voluptas non.','illo',675,NULL,'2006-07-13 05:10:58','1981-03-12 03:22:42'),(7,7,7,'Natus dignissimos officiis corporis et est in optio doloremque. Officiis quis soluta optio libero id dolorem. Labore vel porro sunt ut rerum voluptatibus voluptas.','quis',8,NULL,'2013-07-11 13:59:43','1991-04-13 17:34:59'),(8,8,8,'Quia debitis dolorem doloremque ea eaque occaecati enim. Hic voluptatem non nobis quam eveniet molestias quas quis. Architecto incidunt eaque voluptatem laboriosam voluptatem quam. Ut ducimus corrupti accusantium maiores.','autem',88,NULL,'2005-07-27 22:49:02','2000-05-06 11:05:12'),(9,9,9,'Tenetur et nulla cumque excepturi. Et sit accusantium fugiat accusantium. Iure omnis dolore aspernatur quidem voluptatem aut quo. Accusamus quisquam eveniet laboriosam aliquam. Illum distinctio enim amet et.','eum',13112876,NULL,'1976-03-29 12:34:44','2020-10-14 22:57:37'),(10,10,10,'Culpa rem ut ut. Voluptatem assumenda error hic alias quia et non. Quae animi et eveniet ducimus ut.','doloremque',0,NULL,'1976-06-23 01:57:46','1978-10-24 02:48:01'),(11,11,11,'Porro ratione quidem repellendus sit voluptas rem culpa. In mollitia itaque ipsam. Corrupti dolor voluptatem optio quaerat aperiam.','earum',7504150,NULL,'1990-01-18 07:53:41','2018-03-13 20:07:24'),(12,12,12,'Rerum sit et aspernatur enim animi corrupti. Fugiat ut a non est iusto enim. Tempore itaque voluptas ab aut repellat consectetur eligendi. Molestiae reiciendis aut tenetur.','illum',3461,NULL,'2020-03-18 09:57:34','2008-12-22 13:34:48'),(13,13,13,'Distinctio est consequuntur laboriosam amet. Iusto impedit sint excepturi odit. Minima eum iure voluptates eum.','pariatur',575,NULL,'2015-08-23 12:39:57','1995-04-20 12:08:38'),(14,14,14,'Autem libero consequatur saepe ad ea ea. Dolorem consequatur dolorem nulla qui ut provident minus nobis. Consequatur praesentium vel ea et aut fugiat. Vel et molestias autem impedit ut provident.','nam',964,NULL,'2021-07-08 00:10:16','2008-09-03 14:19:12'),(15,15,15,'Dicta fugiat inventore provident quo sed provident. Possimus impedit sint sunt nam ipsam sapiente molestias aliquid. Deserunt aperiam aliquid consequuntur et nobis error reprehenderit. Mollitia a est rerum omnis nulla adipisci ea.','ad',99,NULL,'2021-04-26 22:00:11','1996-04-22 20:54:03'),(16,16,16,'Maxime et asperiores ullam aut dolores et repellendus. Voluptatum omnis cumque iusto dicta delectus aut dolor. Tempore ea eius sed.','consequuntur',1842,NULL,'1991-06-20 15:19:41','2020-02-17 02:17:00'),(17,17,17,'Iusto quia qui aliquid. Excepturi excepturi ea sunt ex et. Iste ratione quae qui consequuntur soluta.','voluptatum',5430,NULL,'2009-04-03 05:44:19','1982-12-24 21:39:29'),(18,18,18,'Quis incidunt cumque rerum dolor quae corporis. Consequuntur sint repellat totam atque fuga. Ipsum dolor voluptatem corrupti voluptatem. Rerum dignissimos provident blanditiis culpa ea.','eveniet',22,NULL,'2000-09-21 10:18:32','2019-06-22 14:32:35'),(19,19,19,'Vel et esse rem natus. Vero quas nesciunt vel et sequi. Sed velit aliquid exercitationem nihil voluptatem alias. Odit distinctio non error et. Dolor nesciunt enim rem quia soluta.','necessitatibus',8,NULL,'1971-06-17 17:57:02','1986-07-16 18:01:21'),(20,20,20,'Nemo reprehenderit iusto sapiente aut iusto aperiam harum. Sed ullam dolores quia vel nulla cum. Voluptas provident sint ex odit.','iusto',784667738,NULL,'2007-07-01 13:36:11','1974-03-14 19:08:00'),(21,21,21,'Dolore iure cupiditate quo sint qui. Optio culpa ut aspernatur accusamus quos. Fuga eum et molestiae nam molestiae numquam.','inventore',850,NULL,'1995-01-06 04:17:35','1976-01-29 05:49:33'),(22,22,22,'Veritatis minima pariatur numquam veniam commodi. Optio eos rerum qui minus beatae qui. Aspernatur consectetur qui culpa suscipit.','ex',2,NULL,'2011-12-13 08:24:52','2020-02-08 21:28:41'),(23,23,23,'Exercitationem eos aut corporis mollitia cumque. Sapiente quia a et. Fugiat aut ullam quo enim consequatur. Omnis cum iste laudantium similique ab corrupti repudiandae.','voluptatem',7,NULL,'2017-10-11 16:49:20','1970-07-13 14:02:12'),(24,24,24,'Natus cum non voluptates cupiditate explicabo reprehenderit culpa beatae. Qui hic fugiat ut at numquam. Autem aperiam earum eaque repellendus corrupti sed. Voluptatem eum consequatur totam voluptatum consequuntur autem.','veniam',0,NULL,'2007-12-12 23:28:48','2002-02-09 03:49:07'),(25,25,25,'Distinctio in exercitationem aperiam enim. Quis beatae deserunt delectus hic aut aliquid. Eum ullam a maiores aut aut consectetur cumque. Sit et aliquid voluptas recusandae exercitationem.','at',23138387,NULL,'2003-10-03 21:25:10','1977-01-12 15:04:03'),(26,26,26,'Voluptatem dignissimos et fuga. Quisquam consequatur quasi quia commodi velit ut ipsam. Reprehenderit voluptatem et perferendis vero qui ut minima.','praesentium',0,NULL,'2001-06-05 01:35:17','1984-01-17 05:12:27'),(27,27,27,'Praesentium perspiciatis esse qui quidem cupiditate consequatur. Repudiandae dignissimos quidem laborum non aliquam sed. Velit totam ut assumenda iusto.','aliquid',9078794,NULL,'2011-09-16 01:30:34','2007-10-09 12:12:27'),(28,28,28,'Saepe quia sint quibusdam animi consequatur nemo. Porro nobis doloribus aspernatur optio. Ut qui ea saepe. Consequatur debitis quaerat ut repudiandae.','vitae',285644971,NULL,'1974-06-18 07:02:52','1972-05-21 20:21:52'),(29,29,29,'Architecto rem delectus repellat voluptatum qui vitae. Maiores incidunt ea et eligendi iste dolor expedita. Quasi ex veritatis ipsum nulla. Earum porro illo placeat quaerat aut fugiat quaerat. Voluptates sint odio aperiam.','id',5359,NULL,'1981-01-03 10:32:41','1972-10-10 18:00:41'),(30,30,30,'Doloremque quod quibusdam dolorum. Accusantium voluptatem voluptatem quaerat. Et explicabo dolores dolor enim ea labore. Illum nihil ut omnis dolores omnis nam.','accusantium',753769579,NULL,'1979-03-14 15:24:33','1999-12-30 06:03:15'),(31,31,31,'Id id harum magni aut vel. Ab et atque illum tempora repellendus sit. Sunt doloribus exercitationem explicabo dicta enim et sed.','deleniti',580479,NULL,'2017-08-24 13:29:33','1991-09-06 10:32:42'),(32,32,32,'Consequatur est laborum et in minus dicta maiores. Totam illum numquam fuga dolor alias ut vel. At et velit laborum ipsa debitis qui quo sapiente. Sit sit qui sunt. In unde maiores est nulla et et quasi asperiores.','optio',5,NULL,'2016-11-12 07:49:08','1972-11-06 00:42:31'),(33,33,33,'Dolorem aliquid corrupti illum earum optio voluptates nihil. Fuga quia provident voluptas assumenda accusantium. Quia illo est qui. Quos ad esse tempora delectus et maxime placeat.','et',146062837,NULL,'2004-05-27 09:36:38','1984-11-02 16:33:53'),(34,34,34,'Nesciunt voluptates officia labore nobis quis. Iure dolorem omnis rem. Vel non aut non ullam eum aut.','eligendi',638604,NULL,'1986-08-07 02:22:45','1978-08-02 10:50:32'),(35,35,35,'Eum velit provident error aut nobis architecto quaerat quaerat. Amet ea enim commodi modi maxime deleniti. Aut quia dicta qui. Fugiat similique consequatur est.','et',3,NULL,'2004-02-12 05:42:37','1976-01-25 00:10:09'),(36,36,36,'Sit et architecto consequuntur est atque et. Earum vel asperiores et blanditiis eligendi autem. Ea sunt quidem saepe quaerat consequatur.','quaerat',379,NULL,'1988-12-08 10:52:05','1998-01-01 16:50:04'),(37,37,37,'Suscipit ducimus saepe facere. Accusantium soluta ducimus error qui occaecati. Debitis molestias doloribus enim qui.','quasi',722,NULL,'2001-04-06 01:16:52','2016-11-02 18:04:04'),(38,38,38,'Nemo quo enim amet incidunt unde occaecati alias. Quidem ullam nihil veniam itaque voluptatem sit. Praesentium nulla consequuntur nihil aut eligendi asperiores. Doloribus eius accusantium recusandae molestias quod commodi commodi.','alias',84,NULL,'1972-01-23 01:03:41','1976-04-28 23:38:41'),(39,39,39,'Est dolor dicta minus repudiandae ea perspiciatis earum. Esse blanditiis architecto provident ducimus. Soluta maxime molestiae et. Repellat inventore distinctio nihil.','et',0,NULL,'1976-10-27 09:34:35','1971-06-09 12:24:58'),(40,40,40,'Tenetur assumenda deserunt culpa voluptatem. Magnam nemo temporibus tempore unde dolores deleniti sed consequatur. Qui nihil vel sit.','quisquam',848917,NULL,'2007-06-23 12:12:51','2000-08-20 15:07:39'),(41,41,41,'Iusto esse repellat magnam dignissimos quia qui sit. Aut ut facilis qui ut voluptatem quod. Est consequatur aut eos reprehenderit voluptatem non. Aut in et vero et optio eum autem.','molestiae',145,NULL,'2001-05-04 04:24:11','2005-02-20 19:00:33'),(42,42,42,'Consequuntur ullam molestiae incidunt est in similique iure. Quos expedita unde adipisci consequatur dolor illum quaerat. Fuga aut maiores hic voluptatem.','ipsam',2554,NULL,'2005-11-16 17:12:09','1974-01-16 12:48:47'),(43,43,43,'Mollitia quam quia nesciunt qui ut debitis accusamus eligendi. Mollitia quia qui et. Modi et recusandae omnis est quo nulla sunt et. Odit et cumque necessitatibus autem in.','natus',1032,NULL,'2013-06-15 17:17:08','2000-11-17 06:24:41'),(44,44,44,'Libero adipisci ut aliquam expedita voluptatem occaecati. Ut maxime vero ipsam amet quia qui. Et id quod reprehenderit quo. Accusantium illo provident quod dolorem sed ex.','ratione',6630,NULL,'2011-07-01 17:32:53','2008-12-06 03:43:37'),(45,45,45,'Iste optio consequatur dolorum eum vel quo ut. Libero rerum aut accusamus distinctio assumenda. Qui id voluptatem rerum quidem. Magni aut excepturi quis dolor.','et',836787,NULL,'2009-01-26 12:08:44','2018-03-14 01:06:46'),(46,46,46,'Totam illo et et molestias. Pariatur reiciendis similique dolorem rerum voluptatem quis excepturi pariatur. Minima nemo et maiores ut.','consequuntur',9,NULL,'2018-06-17 09:31:45','2018-07-08 19:06:59'),(47,47,47,'Aut corrupti velit et quod qui minus. Culpa et a impedit suscipit. Omnis cupiditate facere qui.','reprehenderit',193,NULL,'2004-11-06 17:26:38','1977-07-31 18:59:01'),(48,48,48,'Sed magnam quam velit velit mollitia ut. Sapiente corporis cum perferendis nesciunt reprehenderit soluta. Aut enim maxime ad. Et sunt earum deleniti voluptatibus.','nam',0,NULL,'1993-05-23 01:11:17','1986-09-18 17:40:55'),(49,49,49,'Maiores quo assumenda cupiditate voluptates. Sint autem sed tempora aspernatur.','qui',4,NULL,'1994-09-12 12:57:10','2007-07-04 17:36:34'),(50,50,50,'Maxime blanditiis accusamus quam veniam voluptas doloremque. Corporis voluptate vel delectus ipsa fugiat. Neque ipsa nulla cumque sit. Ullam ipsum ut numquam nostrum deserunt porro.','ratione',5319,NULL,'1971-11-15 10:08:02','1986-07-28 00:58:53'),(51,51,51,'Dolores accusamus non quia accusantium eaque quasi. Necessitatibus est eveniet ratione debitis in. Amet eligendi commodi earum fuga quisquam non. Est est omnis accusamus autem asperiores nostrum.','repellat',74951410,NULL,'1995-04-07 12:36:44','1998-05-09 10:59:19'),(52,52,52,'Quos et explicabo vel. Beatae esse qui est officiis ipsa delectus illo. Consequuntur hic velit nemo. Quis quas officiis adipisci reiciendis commodi voluptates fuga.','veniam',51551689,NULL,'1985-07-29 02:24:24','1988-05-11 13:59:26'),(53,53,53,'Quisquam numquam quasi est est repellat nisi. Laborum quia molestiae saepe minima. Dolor voluptatem reprehenderit modi voluptatem. Sint ad totam veniam odit.','tempore',87399,NULL,'1971-03-01 09:10:39','1998-03-19 08:43:42'),(54,54,54,'Repellat optio repellat magni doloribus nulla ratione voluptatibus. Voluptate et nam officia cupiditate nostrum totam enim. Non aliquid omnis accusantium optio.','incidunt',86627183,NULL,'1983-05-23 18:20:49','2001-05-06 16:59:14'),(55,55,55,'Non perferendis aspernatur consequatur pariatur. Hic nostrum voluptas modi culpa temporibus facilis laboriosam.','saepe',5238,NULL,'2019-10-04 20:55:54','1999-01-02 21:57:13'),(56,56,56,'Accusantium ullam corporis rerum omnis et molestias tempora magnam. Perspiciatis velit ut suscipit qui non. Non laborum doloremque quo.','nemo',39603734,NULL,'2005-05-22 01:01:14','1992-03-30 17:11:39'),(57,57,57,'Ipsum quas asperiores ea assumenda. Iure sint dolores ut quos rem. Expedita pariatur dolor hic sit. Suscipit cumque corrupti aliquam quidem. Omnis praesentium ut eum ut.','fugiat',14,NULL,'1987-03-17 13:48:59','2004-01-31 23:20:12'),(58,58,58,'Eligendi et repellendus non molestias rerum qui et. Consequatur sit tempora perspiciatis suscipit nostrum vel et.','facere',72,NULL,'1979-03-26 22:19:55','1999-08-20 08:52:09'),(59,59,59,'Alias vitae quo enim qui et labore. Aut blanditiis adipisci totam sint aspernatur quae dolorem. At odio rem ipsum aut dolorem.','et',11,NULL,'2020-03-18 06:49:32','1982-09-28 06:57:07'),(60,60,60,'Est nesciunt magni sunt. Rerum rem ut maxime praesentium. Qui rerum qui qui eveniet accusamus. In eum adipisci et veniam qui eius veniam veniam.','quaerat',35458,NULL,'1992-09-17 22:30:55','1973-01-29 15:40:08'),(61,61,61,'Et aut modi vel nobis sint. Ducimus iusto natus et nam dolorum dolores. Sed voluptatem blanditiis ipsam aut fuga. Quidem in nihil minima.','mollitia',43399,NULL,'1988-09-21 05:28:17','2010-10-18 07:07:01'),(62,62,62,'Facilis in quia iure aliquam. Dolores enim quae optio molestiae rerum. Blanditiis sit ducimus sed est aut rerum et. Excepturi excepturi perferendis ut et. Earum ratione rerum deserunt ut voluptatibus et voluptatum a.','incidunt',48688,NULL,'2016-08-08 12:41:13','1978-10-21 03:07:55'),(63,63,63,'Quisquam facere et non dolores. Non at qui ut totam facilis odio quas. Neque iure maiores inventore minus libero ducimus a a. Delectus sed asperiores praesentium in doloremque et.','veniam',945508,NULL,'1986-04-08 16:04:05','2009-01-31 09:47:07'),(64,64,64,'Eum voluptas est dolor voluptatem. Aperiam excepturi quam aut in porro. Repellat error dolore distinctio quos id nesciunt. Asperiores voluptas pariatur corporis aut et veritatis dolores.','exercitationem',991837,NULL,'2018-01-19 12:08:50','1993-08-28 20:16:27'),(65,65,65,'Expedita repudiandae porro id non explicabo. Consectetur excepturi consectetur et beatae dolores quam consequatur. Voluptatum accusantium ipsum delectus sed. Enim cumque ad vel minima quas ea quis. Voluptatem quae est laborum.','molestiae',77585115,NULL,'1999-08-14 20:49:56','2003-10-17 02:08:06'),(66,66,66,'Ea hic vitae ut non error. Accusamus qui neque ducimus ducimus et sed molestias sed. Voluptas dolores fugiat et in vel aut distinctio.','veritatis',66,NULL,'1983-10-18 22:59:30','1978-10-23 13:54:37'),(67,67,67,'Nostrum voluptatem dolore sint qui necessitatibus. Quo enim quibusdam non porro corporis quibusdam omnis. Est architecto est voluptates tenetur. Et inventore aut eos aut quasi.','non',66,NULL,'2002-04-18 11:30:40','1990-01-16 02:22:25'),(68,68,68,'Voluptas aut voluptatem ipsum ut sit reprehenderit. Velit nesciunt qui repellendus veritatis voluptas recusandae. Esse sapiente numquam quod ea illo. Aspernatur voluptatibus recusandae accusamus sunt eaque.','ad',7686,NULL,'1982-05-02 19:05:00','2005-10-17 01:58:13'),(69,69,69,'Distinctio voluptatem expedita rerum pariatur ut quis. Doloremque earum quidem enim eaque nam voluptatibus ratione. Omnis architecto quia sed rerum distinctio non.','expedita',437,NULL,'1984-10-29 12:09:13','1982-01-15 09:59:00'),(70,70,70,'Veniam molestias nihil velit dolores voluptas excepturi dolorum. Accusamus quidem voluptatem eaque nobis et facilis. Fugiat vel voluptatem omnis laborum ducimus et deserunt.','ex',699182,NULL,'1981-11-03 22:07:47','2012-11-24 18:49:04'),(71,71,71,'Porro voluptatem et vitae quo quis et sapiente. Totam ut deserunt illo dolorum consequatur. Excepturi molestiae natus officiis quos voluptatem et provident.','enim',60385,NULL,'1989-04-27 02:36:00','2004-04-12 14:04:25'),(72,72,72,'Commodi sapiente voluptatem quia ab aut. Nihil iusto est consequatur ducimus accusamus. Autem qui numquam non. Est minima non delectus aut.','reprehenderit',353,NULL,'2019-06-11 12:51:38','2000-02-23 11:56:58'),(73,73,73,'Consequuntur natus doloremque provident. Quasi et consequuntur sunt non. Voluptates et aperiam qui consequatur in nemo porro.','fuga',21166,NULL,'1992-05-11 23:25:12','2000-04-26 11:13:49'),(74,74,74,'Eligendi quos aut dolor et. Dolorum maiores nihil dolorum ducimus et assumenda quia qui. Voluptatum non dignissimos ut eos eos quia consectetur. Facilis iusto sequi alias rerum.','exercitationem',590994238,NULL,'2020-03-30 03:23:20','1994-02-27 23:20:53'),(75,75,75,'Molestias tenetur nihil corrupti eius. Fugit temporibus nihil minima corporis voluptatibus. Itaque ad sed modi voluptas. Earum deserunt repudiandae harum facere est.','at',9954,NULL,'2014-09-05 13:57:25','2018-10-08 05:36:06'),(76,76,76,'Placeat accusamus nisi maxime deserunt. Qui alias facere deserunt ea. Earum error qui voluptas non nobis in omnis quis. Nobis expedita aut quo animi ut possimus et est. Molestias consequatur fugit aut.','modi',0,NULL,'1971-09-17 15:09:38','1981-10-27 01:06:57'),(77,77,77,'Quibusdam quo eveniet reiciendis autem esse. Quos quasi iure qui et ut quia. Omnis rerum nulla veritatis autem impedit voluptates alias dicta.','maxime',569,NULL,'1990-11-09 11:25:01','2002-12-07 12:35:43'),(78,78,78,'Occaecati accusamus quis enim porro provident a magni et. Occaecati eaque voluptas dolores nulla aut. Alias porro dolor culpa maxime et corrupti.','nemo',7405497,NULL,'2006-05-15 19:03:45','1985-05-07 14:43:27'),(79,79,79,'Quis doloribus deserunt voluptatibus sint aliquid perferendis eaque. Sed non voluptate sed debitis totam. Provident ut quo dicta eos deserunt eaque eos. Voluptas voluptatibus dignissimos sed eveniet adipisci animi.','alias',62,NULL,'1971-07-14 01:10:46','1982-08-02 01:13:32'),(80,80,80,'Et numquam ut eligendi. Nam sed nihil sit commodi libero illo. Eius repudiandae eligendi saepe sed. Dolor tenetur tempora similique explicabo velit ut distinctio.','molestias',5026,NULL,'2019-12-05 20:30:38','1999-04-05 21:27:59'),(81,81,81,'Optio asperiores nihil fugit explicabo unde quia. Veniam blanditiis temporibus aut tempore qui enim doloribus. Aut in inventore sit ullam est.','incidunt',8244058,NULL,'2017-05-28 04:42:47','1973-03-27 20:23:36'),(82,82,82,'Nulla aut delectus ex placeat reprehenderit sed. Numquam itaque qui ad nihil quaerat et omnis. Doloribus est sint eos itaque voluptatem commodi ullam deleniti.','voluptate',87,NULL,'1980-01-06 10:58:30','2018-02-23 20:04:38'),(83,83,83,'Nesciunt eos itaque qui. Molestiae ut delectus et sed eveniet consequatur libero. Velit laboriosam est odio quis.','officiis',671268580,NULL,'1994-04-17 03:12:42','1998-08-08 09:34:17'),(84,84,84,'Et aut corrupti ipsam illum mollitia atque sunt. Ad perspiciatis molestiae sit qui aut et ut. Dolorem qui ipsam assumenda illum expedita. Necessitatibus natus quae eius dolor autem et.','et',3385784,NULL,'1999-02-27 20:02:00','1981-03-17 13:36:57'),(85,85,85,'Sequi rem voluptate aut perspiciatis. Quo alias nesciunt enim vel veritatis saepe et. Omnis ea temporibus aut.','inventore',5,NULL,'1986-08-07 11:45:50','1973-02-05 17:22:30'),(86,86,86,'Commodi minus nisi neque aspernatur. Rerum odit dolore et a molestias fugiat. Et aut facere est eveniet beatae aperiam ut in. Porro neque nulla ab ipsum fuga. Quae molestiae in molestias delectus excepturi magni voluptatibus ex.','voluptates',14193564,NULL,'1980-12-18 03:20:14','2021-01-02 17:01:21'),(87,87,87,'Vitae et rerum eos sit voluptas. Quam praesentium rem libero adipisci vero recusandae reprehenderit. Blanditiis beatae ut et quam accusantium voluptas.','ut',3028,NULL,'1992-06-03 23:14:13','2013-06-07 05:58:58'),(88,88,88,'Laboriosam mollitia molestiae aut voluptatibus et. Fugiat molestiae perspiciatis harum qui omnis debitis. Fugiat voluptas sit adipisci voluptatem modi.','voluptatibus',895468810,NULL,'1977-12-13 21:10:18','2007-07-24 03:04:56'),(89,89,89,'Ex dolorem quia quaerat quasi dicta. Neque rerum maiores et. Repellat quaerat sint culpa qui vel consectetur. Dolores similique reprehenderit autem porro distinctio dolorem culpa rerum.','vel',84640,NULL,'1975-06-22 06:01:02','1976-03-15 11:03:00'),(90,90,90,'Autem quaerat aspernatur quo. Perspiciatis dolor iure iste temporibus nisi et distinctio. Sit dolore odit quam facere ut animi corporis laudantium. Dolor quia accusamus sit eveniet magnam vel.','possimus',50,NULL,'2017-09-18 21:49:06','1978-12-24 23:40:32'),(91,91,91,'Sint doloremque hic tempora ad dolores iste aliquid. Ut assumenda velit eos eius in cum et. Error impedit et ea recusandae doloremque. Eum perferendis autem explicabo mollitia ex.','voluptas',93437272,NULL,'2000-07-18 18:14:10','2015-07-18 13:39:09'),(92,92,92,'Doloremque error nobis soluta provident eveniet dolorem sed. Consequatur rerum ut nostrum rerum est nobis. A facilis rem amet ut magni eos quaerat.','maxime',94,NULL,'1984-01-17 06:43:02','2016-07-17 01:00:02'),(93,93,93,'Perspiciatis consequatur consequatur dignissimos dolor eius ut odio. Asperiores est fuga sed sit et alias qui. Non quia voluptatem minus libero. Eligendi laudantium ad ex in neque.','cum',59647666,NULL,'1978-05-02 04:55:25','1996-09-18 21:16:13'),(94,94,94,'Rerum et mollitia accusamus ipsam. Quod laboriosam tenetur id. Qui iure et aperiam officia repellendus ut. Ipsa autem omnis commodi quod cupiditate placeat placeat.','perspiciatis',285,NULL,'1991-12-25 16:04:37','1992-01-07 15:36:52'),(95,95,95,'Omnis doloremque nostrum numquam sunt soluta quod rerum accusantium. Omnis in quidem sequi suscipit assumenda. Quo sed quod perferendis aspernatur eligendi.','provident',0,NULL,'1979-11-25 07:48:34','2011-12-14 23:29:59'),(96,96,96,'Sapiente sed quo nesciunt et nesciunt qui. Iusto non ducimus aut quia. Sequi rerum ducimus sequi veritatis excepturi voluptas et enim.','atque',16724842,NULL,'1985-12-02 00:04:47','2002-01-05 04:14:47'),(97,97,97,'Nam qui quaerat facere occaecati necessitatibus. Nemo alias rem unde alias. Qui fugiat qui est dolorem ut.','perferendis',25873,NULL,'1978-05-10 13:38:12','1981-11-11 21:01:02'),(98,98,98,'Sed blanditiis consequuntur vel corporis ut et nemo. Perferendis minima delectus quo vitae facilis quidem quasi vel. Fugiat error ducimus quis distinctio. Aperiam autem id culpa et.','nam',55084889,NULL,'1978-11-28 05:13:46','1990-11-04 08:55:46'),(99,99,99,'Magnam mollitia dignissimos nulla. Inventore facere architecto quod non et. Animi ut cumque voluptatibus doloremque sequi. Earum magnam esse molestias nesciunt laborum iusto in.','temporibus',0,NULL,'2019-11-08 05:40:52','2020-11-14 03:01:18'),(100,100,100,'Minus sit voluptates fuga laborum ut in commodi explicabo. Qui in sed consectetur sint. Aut qui ad ut culpa soluta quasi. Quidem voluptas facilis laudantium vel.','cumque',13252,NULL,'1974-04-03 11:06:46','2019-11-09 12:27:11');
/*!40000 ALTER TABLE `media` ENABLE KEYS */;
UNLOCK TABLES;

--
-- Table structure for table `media_types`
--

DROP TABLE IF EXISTS `media_types`;
/*!40101 SET @saved_cs_client     = @@character_set_client */;
/*!40101 SET character_set_client = utf8 */;
CREATE TABLE `media_types` (
  `id` bigint(20) unsigned NOT NULL AUTO_INCREMENT,
  `name` varchar(255) COLLATE utf8mb4_unicode_ci DEFAULT NULL,
  `created_at` datetime DEFAULT current_timestamp(),
  `updated_at` datetime DEFAULT current_timestamp() ON UPDATE current_timestamp(),
  PRIMARY KEY (`id`)
) ENGINE=InnoDB AUTO_INCREMENT=101 DEFAULT CHARSET=utf8mb4 COLLATE=utf8mb4_unicode_ci;
/*!40101 SET character_set_client = @saved_cs_client */;

--
-- Dumping data for table `media_types`
--

LOCK TABLES `media_types` WRITE;
/*!40000 ALTER TABLE `media_types` DISABLE KEYS */;
INSERT INTO `media_types` VALUES (1,'maiores','1991-11-16 14:43:43','2019-11-01 20:26:27'),(2,'voluptas','2014-10-19 00:26:04','2010-05-11 02:24:07'),(3,'vitae','1978-05-16 00:34:39','2015-06-14 17:13:05'),(4,'eos','1983-06-17 18:45:27','2000-09-14 04:57:42'),(5,'sint','1992-02-20 09:01:45','1994-11-18 18:37:26'),(6,'aperiam','2016-07-12 12:43:41','1992-01-06 14:55:33'),(7,'maiores','1996-08-23 21:10:57','1977-08-03 20:02:46'),(8,'unde','2002-10-12 15:50:01','2013-03-06 11:31:28'),(9,'quis','2004-07-19 13:58:52','1978-06-19 01:34:58'),(10,'et','1972-11-29 18:19:35','2017-11-01 06:05:16'),(11,'eum','1981-01-29 11:12:09','1989-09-13 06:20:54'),(12,'mollitia','1975-04-01 20:23:50','2017-08-31 07:50:44'),(13,'consequatur','1993-03-25 05:09:16','1976-12-02 07:06:12'),(14,'laborum','2006-09-06 06:41:50','1987-07-29 12:11:38'),(15,'ut','1982-04-01 00:40:07','1982-03-08 19:14:18'),(16,'voluptatum','2020-09-18 14:11:58','1978-09-24 23:05:50'),(17,'iusto','1970-01-04 06:39:33','1998-02-06 14:37:58'),(18,'eos','1974-11-30 19:46:42','2004-09-28 22:17:20'),(19,'et','1997-06-30 23:07:40','2004-06-11 22:01:09'),(20,'maxime','2001-01-13 02:34:08','1998-08-09 05:49:29'),(21,'dolor','2010-04-16 08:05:43','2021-09-14 20:53:52'),(22,'distinctio','1999-10-26 22:01:31','2014-07-29 06:39:19'),(23,'ea','2009-03-04 04:34:50','2011-08-14 14:52:54'),(24,'ea','1995-03-09 06:31:51','1977-08-11 12:38:20'),(25,'atque','2017-12-01 03:21:30','1990-12-23 02:36:11'),(26,'asperiores','2002-11-30 10:19:20','2018-04-06 12:58:05'),(27,'excepturi','2016-04-30 12:54:24','1996-05-26 05:36:30'),(28,'recusandae','1974-01-16 10:53:07','2011-01-09 01:33:20'),(29,'et','2014-09-09 18:01:03','2012-06-11 22:06:17'),(30,'rerum','1983-09-11 14:03:08','1976-03-28 16:02:01'),(31,'deleniti','1999-10-16 07:19:19','2016-11-08 22:54:50'),(32,'ducimus','1976-12-12 00:48:44','1994-03-07 02:52:34'),(33,'modi','1988-10-27 18:46:36','2012-04-13 23:11:09'),(34,'voluptatem','2010-08-17 10:52:38','1978-12-29 08:15:26'),(35,'repellat','2017-06-11 16:23:58','1992-01-10 03:12:07'),(36,'est','2013-03-28 13:27:41','2018-04-14 01:04:24'),(37,'harum','2004-12-11 23:52:37','1989-08-05 16:31:42'),(38,'non','2002-09-08 23:13:57','2006-05-28 01:03:17'),(39,'reprehenderit','2020-03-04 11:24:41','2011-07-11 06:39:00'),(40,'vitae','1997-03-19 09:00:20','1985-10-16 02:08:36'),(41,'vel','1986-04-18 11:31:37','1975-04-18 08:24:41'),(42,'voluptas','1995-07-13 11:11:19','1973-08-29 22:55:09'),(43,'et','1991-04-18 09:19:38','1989-09-08 04:55:42'),(44,'pariatur','1999-11-14 11:28:27','2010-01-06 23:17:41'),(45,'minus','2011-12-08 01:49:33','2009-11-24 05:49:51'),(46,'delectus','1981-04-09 07:26:26','2010-08-29 08:18:23'),(47,'incidunt','1973-08-03 13:14:06','1994-01-07 04:22:01'),(48,'et','1977-12-18 00:06:08','2002-07-26 21:28:26'),(49,'sed','1994-03-27 18:45:07','1997-12-07 22:45:17'),(50,'id','2006-03-03 04:32:53','1995-09-29 12:05:22'),(51,'a','2019-03-26 20:43:10','2011-08-26 07:09:44'),(52,'velit','2020-11-18 03:33:58','2011-12-04 11:21:22'),(53,'inventore','2008-04-22 00:42:13','1981-12-27 20:22:36'),(54,'nisi','2006-02-11 11:03:42','2004-02-06 21:40:24'),(55,'voluptas','1979-09-27 16:08:33','1996-09-18 23:46:27'),(56,'aspernatur','1974-02-16 22:53:03','1970-06-16 21:45:40'),(57,'quisquam','1980-05-27 17:52:54','1986-05-04 05:37:44'),(58,'rem','1999-02-14 15:40:00','2005-01-05 09:12:19'),(59,'odio','1977-12-06 21:29:53','1970-12-16 01:35:30'),(60,'perferendis','1986-09-13 00:26:05','1994-07-01 10:22:17'),(61,'maiores','1972-02-10 18:05:33','2012-07-22 11:33:57'),(62,'optio','1989-09-17 03:58:17','1993-11-21 16:24:16'),(63,'rerum','1986-06-26 16:31:05','1997-11-12 22:33:22'),(64,'a','1996-01-15 15:07:27','1997-12-18 07:30:15'),(65,'est','1987-02-12 01:57:16','1998-12-10 11:30:05'),(66,'quo','1971-11-21 19:34:39','1991-05-14 06:20:23'),(67,'exercitationem','2004-03-06 03:26:55','1972-03-13 13:44:21'),(68,'mollitia','2012-12-05 21:31:30','2007-08-31 22:36:59'),(69,'dolor','2011-05-19 10:27:14','2004-05-18 06:21:45'),(70,'tenetur','1981-03-07 19:48:25','1989-11-22 12:04:23'),(71,'aut','2007-01-27 05:20:36','2010-12-17 13:44:44'),(72,'id','2011-04-21 17:01:20','2000-05-17 10:01:59'),(73,'perferendis','1989-07-15 14:26:50','1998-07-25 09:01:47'),(74,'in','2018-03-19 03:50:54','1976-08-18 20:44:10'),(75,'voluptatibus','2006-04-12 15:30:55','1999-12-03 02:07:17'),(76,'eum','1976-08-05 09:35:14','2018-04-19 22:58:34'),(77,'veritatis','1978-08-07 12:38:46','2021-04-03 03:38:21'),(78,'quos','1981-11-04 08:14:47','2011-12-31 05:00:02'),(79,'laboriosam','1972-03-10 16:14:55','2000-04-11 08:44:03'),(80,'ipsam','1977-11-14 22:21:56','2018-05-13 09:59:16'),(81,'soluta','1970-11-03 15:10:45','1972-09-18 01:22:01'),(82,'qui','2016-11-04 14:41:18','1972-10-31 15:06:42'),(83,'et','2012-09-15 11:19:58','2012-08-21 07:25:14'),(84,'temporibus','1987-07-15 06:07:17','2015-05-23 05:13:39'),(85,'sint','1972-09-12 08:26:10','1991-12-24 15:15:24'),(86,'nihil','1979-08-14 18:47:16','1986-12-31 16:03:45'),(87,'laborum','1995-05-17 00:23:24','1970-10-26 13:10:37'),(88,'quasi','1995-08-18 18:37:31','1998-09-22 13:48:26'),(89,'assumenda','1973-04-13 16:08:09','1971-01-23 00:18:05'),(90,'aspernatur','1971-12-30 04:01:18','1981-06-09 12:56:42'),(91,'nobis','1998-04-17 15:39:57','2007-01-17 00:33:17'),(92,'et','1977-07-15 13:52:31','2006-11-03 01:50:53'),(93,'impedit','2007-12-19 22:56:59','2017-04-05 13:39:29'),(94,'itaque','2015-09-04 03:45:36','2020-08-28 21:10:07'),(95,'voluptate','2000-02-03 10:57:26','1986-07-14 18:30:40'),(96,'enim','2006-11-16 16:47:31','1972-07-12 13:44:55'),(97,'ut','1979-07-07 02:21:43','1988-07-08 20:54:06'),(98,'dolores','2008-03-29 00:19:21','1994-10-21 17:56:55'),(99,'esse','2006-07-27 22:06:10','1975-12-24 14:18:48'),(100,'consectetur','1996-10-29 04:28:14','1986-04-10 15:05:28');
/*!40000 ALTER TABLE `media_types` ENABLE KEYS */;
UNLOCK TABLES;

--
-- Table structure for table `messages`
--

DROP TABLE IF EXISTS `messages`;
/*!40101 SET @saved_cs_client     = @@character_set_client */;
/*!40101 SET character_set_client = utf8 */;
CREATE TABLE `messages` (
  `id` bigint(20) unsigned NOT NULL AUTO_INCREMENT,
  `from_user_id` bigint(20) unsigned NOT NULL,
  `to_user_id` bigint(20) unsigned NOT NULL,
  `body` text COLLATE utf8mb4_unicode_ci DEFAULT NULL,
  `created_at` datetime DEFAULT current_timestamp(),
  PRIMARY KEY (`id`),
  KEY `from_user_id` (`from_user_id`),
  KEY `to_user_id` (`to_user_id`),
  CONSTRAINT `messages_ibfk_1` FOREIGN KEY (`from_user_id`) REFERENCES `users` (`id`) ON DELETE CASCADE ON UPDATE CASCADE,
  CONSTRAINT `messages_ibfk_2` FOREIGN KEY (`to_user_id`) REFERENCES `users` (`id`) ON DELETE CASCADE ON UPDATE CASCADE
) ENGINE=InnoDB AUTO_INCREMENT=101 DEFAULT CHARSET=utf8mb4 COLLATE=utf8mb4_unicode_ci;
/*!40101 SET character_set_client = @saved_cs_client */;

--
-- Dumping data for table `messages`
--

LOCK TABLES `messages` WRITE;
/*!40000 ALTER TABLE `messages` DISABLE KEYS */;
INSERT INTO `messages` VALUES (1,1,1,'Quae eaque quia tempora aliquid labore minima aut. Consequatur veniam qui aspernatur sit quo nihil. Aspernatur et labore illum eaque laudantium est.','2015-02-10 00:17:34'),(2,2,2,'Unde deserunt a perferendis quia quaerat. Et corrupti suscipit et ut minus perferendis. Delectus numquam officiis ut veritatis repellendus labore eaque ullam.','1972-06-16 21:28:24'),(3,3,3,'Omnis dolorem est corrupti quasi reprehenderit quia aperiam nisi. Fugiat dolor animi ut. Explicabo placeat voluptates iure quis voluptas numquam et.','1971-10-17 02:53:44'),(4,4,4,'Repellendus provident autem consectetur quia. Quia quo sunt id optio dolorum rerum. Tempore qui illo velit debitis eaque illo.','1973-09-08 18:54:40'),(5,5,5,'Consequatur excepturi architecto harum laboriosam ratione reiciendis. Sed minima et quae recusandae eaque. Qui nihil eum asperiores voluptatibus tempora iste doloremque. Blanditiis repudiandae ullam et velit voluptatem quia. Commodi vero fuga pariatur.','2011-02-24 07:49:22'),(6,6,6,'Reiciendis sit sapiente vel. Harum tempora excepturi qui laudantium rerum inventore aliquam. Eum quaerat ut qui.','1990-02-16 09:50:40'),(7,7,7,'Sunt necessitatibus eveniet ea aperiam id blanditiis. Natus fugiat non doloribus et vel. Minima aut quo quas non magni vero similique. Aspernatur impedit dignissimos placeat omnis. Aut unde necessitatibus voluptates accusamus non voluptatem.','2009-04-29 14:19:07'),(8,8,8,'Quod aut accusantium labore cumque amet. Quia error eveniet voluptatum illum explicabo ex cupiditate. Est quos et ab velit quaerat voluptatibus delectus. Dicta et voluptatibus ipsum placeat harum suscipit.','2001-06-30 16:28:31'),(9,9,9,'Nemo voluptas necessitatibus in nam et minus qui. Dolor animi molestiae error fuga. Tempora quo alias ratione voluptatum eius maiores doloribus. Harum odit sed architecto esse tenetur et saepe.','1997-12-29 22:02:38'),(10,10,10,'Aliquam doloribus sed est sit doloribus ut vel. Est exercitationem sunt eligendi consequatur. Porro quis nisi ut eveniet. Aut suscipit autem placeat itaque.','2004-12-25 17:02:09'),(11,11,11,'Quam sint repudiandae modi sunt a asperiores qui et. Delectus autem voluptas omnis sequi autem exercitationem ipsum. Voluptatem odio repudiandae nulla consequatur cum neque reiciendis.','1972-07-10 14:56:09'),(12,12,12,'Qui est temporibus dolor vel eum. Ipsum error accusamus dolores rerum voluptatem. Expedita vel est nihil ipsa aliquid.','2006-07-13 13:44:36'),(13,13,13,'Nobis eveniet pariatur qui perspiciatis quae consequatur dolores. Autem voluptatibus aut temporibus non.','1977-06-04 00:33:08'),(14,14,14,'Dolorem nobis consequatur minima placeat. A corrupti voluptatem aliquam voluptatum est molestias incidunt.','2001-07-12 10:39:48'),(15,15,15,'Quasi vero itaque velit ullam delectus doloremque sed itaque. Ea quis quidem exercitationem nulla et. Qui sunt doloribus distinctio omnis omnis nihil officiis.','1974-01-14 01:47:02'),(16,16,16,'Doloribus ipsa nostrum autem aut eaque commodi. Corporis fugit omnis eaque suscipit quod molestias est. Qui blanditiis sunt officiis non mollitia quo aut. Illo non modi qui et.','1995-12-13 08:07:47'),(17,17,17,'Sint nobis saepe hic voluptates ad asperiores dolorem. Assumenda nemo reprehenderit odio corrupti aut incidunt. Nulla eligendi sequi est cum. Molestiae id dolores non et.','2013-07-28 23:55:51'),(18,18,18,'In voluptas culpa qui dolorem qui. Quo voluptas unde quibusdam ex et repudiandae iure. Similique sit sequi beatae laboriosam. Praesentium aspernatur quibusdam aliquam in illo.','1975-06-23 18:10:18'),(19,19,19,'Nesciunt accusantium repudiandae facere. Ipsa iure hic nisi minus itaque eum quasi. Labore ex esse ad autem sint labore.','2021-04-15 23:34:08'),(20,20,20,'Explicabo ea rem tempore quibusdam. Explicabo est eveniet dolores et. Totam voluptate accusantium quia rerum molestiae a.','1975-04-11 13:51:42'),(21,21,21,'Numquam repellat nobis veritatis amet est quidem aut necessitatibus. Harum et consequatur aut aliquam cum rem fugiat. Distinctio aut est doloremque modi.','2020-03-05 13:22:19'),(22,22,22,'Ea distinctio excepturi unde sed ullam perferendis corporis. Maiores rerum ex omnis rerum.','1994-12-12 07:51:26'),(23,23,23,'Atque suscipit ut autem voluptatem. Occaecati numquam quod ut veniam. Facere ipsum ducimus quo voluptatem. Sed temporibus est tempore atque.','1997-11-19 20:43:52'),(24,24,24,'Eligendi nam aut ipsum quam. Maxime nihil aut velit porro distinctio incidunt eveniet rerum. Voluptatem quis voluptatem perspiciatis delectus.','1979-11-02 19:25:03'),(25,25,25,'Qui ex sunt eum. Beatae dolor aut illum totam vitae. Est enim aspernatur culpa non omnis ut sint. Praesentium quod consequuntur sapiente modi ea.','2002-03-20 02:58:35'),(26,26,26,'Velit doloremque omnis accusantium dolorem magnam et voluptate. Ea velit consequuntur quidem sapiente eaque. Dolor quod recusandae et incidunt vitae quisquam qui. Illo sint est explicabo officiis ipsam temporibus.','2021-05-04 01:12:05'),(27,27,27,'Mollitia magni dignissimos et omnis nostrum. Voluptatem nobis tenetur rerum natus consequatur. Voluptas voluptatem aspernatur at alias iste a nihil. Eius ut commodi pariatur veniam.','1985-03-23 06:19:35'),(28,28,28,'Voluptatum maxime autem pariatur et est. Aliquam voluptatum et dignissimos ea inventore sit.','2015-05-22 20:15:14'),(29,29,29,'Quod excepturi cum recusandae est ea dolorem voluptatem. Rerum accusamus quas exercitationem consectetur molestiae.','2015-11-06 14:40:17'),(30,30,30,'Delectus est consequatur ipsa voluptas et qui accusamus. Architecto asperiores perferendis velit et dolorem dolores ut.','2006-10-03 21:20:52'),(31,31,31,'Iure modi modi id maxime. Impedit explicabo deleniti sunt laboriosam esse quidem laborum odio. Sit harum voluptas labore quo eaque. Est vel aut perspiciatis nemo unde. Repellendus et et quia ut.','2011-12-14 18:08:51'),(32,32,32,'Unde omnis excepturi deserunt vel itaque soluta. Et earum aut cumque modi quas. Vel molestiae placeat laborum aut sit consequatur suscipit.','2016-06-01 15:01:35'),(33,33,33,'Qui expedita blanditiis veniam voluptatibus sed at. Quae qui quod ut corrupti consequuntur.','1982-04-05 11:49:21'),(34,34,34,'Maiores perspiciatis optio nostrum. Sint sequi non cum odit. Non qui est laborum quae libero. Tempore suscipit voluptatem veritatis quia.','1972-04-23 15:21:02'),(35,35,35,'Sunt quisquam laborum similique sed amet. Saepe necessitatibus esse non. Aliquid ipsa sequi maxime iure. Laboriosam nulla quis velit non quis. Veritatis saepe id exercitationem.','2017-11-16 00:38:52'),(36,36,36,'Ut dignissimos at fuga ducimus pariatur voluptatem voluptas est. Et deleniti accusantium quas est. Illum nulla voluptas ipsa distinctio voluptatibus.','1986-01-17 14:21:10'),(37,37,37,'Laudantium voluptatibus officia et suscipit. Eum molestias id et quasi. Molestiae ratione eveniet et et sit. Laborum sunt numquam quia velit.','1987-05-10 07:35:59'),(38,38,38,'Nulla qui quia incidunt ipsa dolor iste. Recusandae voluptas praesentium modi neque. In assumenda perferendis sit voluptates earum.','2010-09-03 04:27:34'),(39,39,39,'Quia quas placeat nobis quidem sunt. Reiciendis sit a cupiditate rerum ab molestiae. Eius animi eaque nemo iste totam quisquam.','1993-01-08 03:02:36'),(40,40,40,'Explicabo unde in iusto quod tenetur suscipit quam. Sed ut laborum vitae adipisci et hic nihil. Possimus magnam tempora officia consequatur sequi odio. Eos tempora et rerum voluptates voluptas occaecati.','1974-12-02 08:56:39'),(41,41,41,'Ipsum illum delectus et et rerum in. Est reprehenderit a quia non temporibus error explicabo. Voluptatem ut quidem et est eos excepturi. Ipsa qui aliquid dolor.','1990-08-27 05:33:07'),(42,42,42,'Doloribus quis laudantium a cum dolores. Tempora ab eaque rerum possimus. Et corrupti odit id quidem nihil quis optio dolorem. Rerum architecto facilis ipsum eos optio.','1976-01-09 18:58:21'),(43,43,43,'Dolores culpa culpa sed minima. Sit temporibus qui quia illo ut maxime. Est sed eaque recusandae vel dolor atque aut est.','1984-07-29 23:08:21'),(44,44,44,'Perferendis dolorem doloribus et ipsum. Maiores occaecati culpa cumque ullam sunt eos. Fugiat reprehenderit quia qui rerum quod sint quam. Natus est ullam consequatur magnam tenetur facere.','1993-06-14 10:24:19'),(45,45,45,'Dolorum dolore eveniet consequatur expedita. Minus et voluptatem dolore illo animi ut sapiente. Sunt rem aut dolores ab facere. Unde perspiciatis voluptatem molestias recusandae placeat labore voluptatem.','1978-12-12 11:15:29'),(46,46,46,'Id fugit autem dolores nihil esse facilis magni et. Ipsum corrupti quis labore libero. Atque et quas quaerat debitis. In voluptatem culpa molestiae nam quidem quos vero.','1993-02-07 07:28:35'),(47,47,47,'Est rerum ut doloribus et sint veniam assumenda. Harum ratione et nisi esse aut distinctio ratione. Quis reiciendis qui qui illum.','1977-02-07 08:41:22'),(48,48,48,'Dolorum quia quas dolor alias deleniti. Corrupti aliquam nemo aliquid assumenda et tempore. Voluptas et voluptas vitae quam itaque quod praesentium quisquam.','1981-01-09 04:37:15'),(49,49,49,'Accusamus dicta sunt molestiae qui fugiat aut. Est cumque consequatur molestiae ipsum non ratione. Quaerat sed labore dolorem dolorum omnis.','1977-05-11 07:37:45'),(50,50,50,'Quod officia necessitatibus rerum non est. Debitis voluptas in sit quod et. Quia non doloremque animi id.','2013-11-20 21:32:10'),(51,51,51,'Cupiditate sit perferendis ad est rerum eveniet. Est velit recusandae praesentium aspernatur mollitia. Est eum ea maiores provident et. Id quisquam facilis pariatur omnis.','1972-05-15 12:06:19'),(52,52,52,'Fugiat necessitatibus et nihil expedita harum. Repudiandae alias soluta aliquam. Consequatur officiis reprehenderit eum aut praesentium alias minus vitae. Laborum autem velit delectus et.','1977-08-06 13:27:11'),(53,53,53,'Architecto et et aliquam. Alias quis consequatur et autem blanditiis aut facilis. Temporibus sed dicta aut vitae. Deleniti quos magnam fuga eos. Nihil quos explicabo qui ea quas eos rerum eos.','1995-03-07 11:10:02'),(54,54,54,'Veritatis excepturi enim deserunt quibusdam aliquam ducimus eaque. Neque et sint fuga voluptas ratione facilis ratione.','2003-01-20 18:01:51'),(55,55,55,'Illum voluptatem ullam accusamus ut omnis. Vel autem rerum deserunt recusandae dolorum aliquid. Esse officiis veritatis expedita harum.','2018-08-07 22:37:33'),(56,56,56,'Ut sit quidem cupiditate eius omnis. Placeat consectetur qui cum nihil et exercitationem. Modi consectetur sint quam provident quam ullam facilis. Et id dolores enim atque placeat.','1976-03-07 15:06:15'),(57,57,57,'Aperiam ab nihil aperiam. Assumenda perspiciatis enim enim hic et et neque. Aut sit quo quis ratione ipsa dolor ducimus.','1986-06-11 23:27:34'),(58,58,58,'Quae aut sequi et ut. Accusantium aliquid sint omnis maxime. Qui porro autem perferendis quia similique occaecati possimus. Expedita fugit saepe eum consequatur saepe ut animi id. Eum qui soluta quisquam optio.','1985-01-30 10:51:43'),(59,59,59,'Ex non eaque ad cum. Exercitationem sed nobis animi ut. Vel odit quis omnis hic. Pariatur rerum quibusdam autem accusantium veritatis magnam.','1971-11-27 06:50:11'),(60,60,60,'Id eum quod perferendis quidem. Aut similique blanditiis quaerat atque ut explicabo. Dolorum nulla doloremque aliquid unde ex esse error totam. Nihil recusandae at voluptates. Quam facilis quas esse a dolorum magni.','2007-10-20 13:17:16'),(61,61,61,'Quasi doloremque numquam consequatur amet corporis voluptas ab. Quia qui itaque aut quam ad. Aut quo hic qui itaque delectus laboriosam. Veniam ut voluptatem et libero veniam.','1995-05-26 01:51:45'),(62,62,62,'Omnis ad est nobis ipsam delectus ipsam. Aut placeat doloribus illum cumque. Placeat provident recusandae cumque quis enim quisquam et velit. Molestiae ullam velit harum reprehenderit facere quaerat optio.','2002-11-23 19:12:50'),(63,63,63,'Iste reiciendis sit accusantium eos. Dolores corporis quis aut ut ex. Et sint explicabo voluptatum culpa aliquam.','1986-06-04 09:05:31'),(64,64,64,'Dolorum non quas ullam possimus provident. Quos rerum sint dolores sit dolor perferendis.','1985-07-12 19:21:15'),(65,65,65,'Suscipit et blanditiis quidem soluta eaque. Quod deleniti iste similique sunt illum. Ratione aliquid corrupti quas dolore et animi. Occaecati quo culpa veniam voluptatem ducimus inventore sed maxime.','2012-07-30 02:09:32'),(66,66,66,'Est ullam quia illum voluptatem eligendi et commodi aut. Vel dignissimos asperiores voluptas dolores deleniti sed. Ea explicabo vero reiciendis ut enim soluta. Consequatur suscipit totam nobis sint praesentium perspiciatis.','1985-02-05 22:52:15'),(67,67,67,'Accusamus architecto laborum blanditiis fuga. Delectus ducimus dolores nam similique exercitationem impedit. Dolore et odit reprehenderit sed ea eligendi est. Autem illum est voluptate quaerat.','2020-11-17 05:10:39'),(68,68,68,'Et iusto debitis nesciunt natus et suscipit. Incidunt voluptates sed eligendi asperiores et ut voluptatem pariatur. Rerum odio blanditiis est nam omnis dolorum atque. Nesciunt aut dolor qui omnis.','1979-07-20 19:22:18'),(69,69,69,'Nihil sit qui repellendus aliquam. Nam dolorem cupiditate ipsum incidunt qui atque sed et. Molestiae aut quaerat sequi animi.','2005-02-10 17:55:14'),(70,70,70,'Suscipit cumque eveniet ullam provident molestiae et aut. Voluptas voluptatum qui blanditiis eos recusandae. Est ullam dolore tempora magni. Quaerat consequatur iste iure eligendi magnam maiores facere.','1977-09-14 17:29:40'),(71,71,71,'Consequuntur et voluptatem illo inventore. Eveniet mollitia impedit repellat temporibus voluptas esse. Aut voluptatem occaecati assumenda ea. Tenetur sint nobis et non.','1980-12-21 19:46:39'),(72,72,72,'Sunt ipsum nisi accusantium dicta. Culpa sapiente dolor in. Et dolores ea qui veniam eius. Qui aliquid sed eius minima a sit.','2015-03-20 05:20:38'),(73,73,73,'Doloremque quia deleniti sit sed. Ullam nobis molestiae optio omnis. Sit ut molestiae minus quis. Blanditiis saepe quae aliquam ut assumenda eos itaque quo.','1998-04-27 10:41:56'),(74,74,74,'Aut rem dolore hic mollitia et. Velit nulla corporis nam consequatur ratione molestiae sunt. Voluptatibus sed ut doloremque et maxime. Voluptas corrupti dolorem unde veniam iste.','2008-04-22 11:17:08'),(75,75,75,'Doloribus doloremque dolor velit odit maxime. Rem nihil cupiditate quia libero eligendi. Et et aut error velit aut voluptatem.','2021-10-16 17:37:06'),(76,76,76,'Eum quia dolorum optio culpa soluta minus. Voluptatum ut perferendis vero vitae.','1976-12-11 05:08:10'),(77,77,77,'Repellendus voluptatem ut debitis qui et totam autem. Ipsam unde numquam perferendis adipisci fugit aut.','1995-08-16 14:52:04'),(78,78,78,'Molestias cumque inventore ut voluptas. Et sit aut fugiat qui. Iusto ab est nesciunt fugit nihil ea rem. Tempore sequi accusantium sunt officiis perferendis. Et quam deleniti qui et.','1970-04-02 11:26:26'),(79,79,79,'Ex magni vel corporis voluptas quas quia minus recusandae. Veniam aut commodi vel tempore.','1977-04-28 06:40:22'),(80,80,80,'Rem ipsam ex nostrum a itaque quisquam. Quidem incidunt quam consectetur dolores reiciendis voluptas ea. Blanditiis dicta expedita molestias voluptates qui.','1970-06-26 15:48:36'),(81,81,81,'Nostrum sed nemo est aut doloribus. Consequatur magni sapiente et et reiciendis sint. Minus placeat explicabo ut autem labore. Repellat nihil dolores eaque quibusdam fuga rerum rerum.','2012-10-29 06:07:21'),(82,82,82,'Consequuntur omnis similique harum aut consequuntur. Quaerat quia veniam aut aperiam eius totam. Beatae quia temporibus non in perferendis perferendis soluta autem. Commodi ex dignissimos voluptates id.','2018-08-15 16:20:37'),(83,83,83,'Exercitationem placeat omnis ipsam et. Hic enim neque molestiae earum animi ut nulla laborum.','2007-05-13 06:06:59'),(84,84,84,'Et voluptates et eos quod. Perspiciatis laborum non odit quos a. Maiores voluptatem quis ut quo qui suscipit.','2000-07-14 10:36:28'),(85,85,85,'Dolorem voluptas occaecati doloremque commodi impedit. Quam doloribus occaecati sit aspernatur. Magni pariatur repellat ratione id quis voluptate aut.','1980-07-14 14:43:59'),(86,86,86,'Asperiores placeat consequatur qui dolorum aspernatur omnis. Eius nesciunt minus aspernatur a. Incidunt ex sunt adipisci amet.','1980-08-21 02:24:54'),(87,87,87,'Tempora et molestiae atque rerum. Commodi iste et est et rerum ab. Dolor saepe eaque quos aut ab aliquam.','2020-01-03 19:28:04'),(88,88,88,'Repudiandae aspernatur ut dolore quae. Non officiis expedita eos eius consequatur dolorum nihil necessitatibus. Ut exercitationem aspernatur dolorem quae.','2019-09-15 01:36:02'),(89,89,89,'Id dolores qui temporibus voluptate. Maiores veritatis odio ut dignissimos dignissimos unde maiores itaque. Quos atque ducimus rerum aliquid.','1970-03-23 01:49:40'),(90,90,90,'Impedit temporibus cumque sit voluptate praesentium commodi perspiciatis. Beatae ab dolor tempore voluptatum alias aut. Nulla ad et sequi quia aliquid nisi voluptatibus.','1979-07-21 06:05:25'),(91,91,91,'Maxime illo delectus deleniti quia vero aut nihil unde. Aliquid deserunt sapiente at ea et. Aut a ipsam laudantium voluptatem numquam eligendi aliquam.','2012-04-08 00:46:10'),(92,92,92,'Est voluptatem nam quis atque eaque. Eum quis dolorem ducimus veritatis expedita excepturi maiores. Facere id atque illo laboriosam voluptas est esse. Adipisci totam a aut vitae quibusdam quibusdam.','1990-01-01 05:18:50'),(93,93,93,'Corrupti molestias saepe adipisci. Porro consequuntur harum ea consequatur et explicabo. Natus totam asperiores eius quo mollitia distinctio.','1976-06-07 09:40:12'),(94,94,94,'Sed et omnis rerum consequuntur ad consequatur. Quos voluptatum modi et aperiam. Ea sed voluptas et beatae officiis quia pariatur.','2017-04-09 14:21:08'),(95,95,95,'Consequuntur expedita voluptates qui non quia consequatur. Aut qui aut rerum eveniet non labore accusantium. Et et in impedit et illo.','2009-11-03 13:36:02'),(96,96,96,'Consequatur adipisci aut earum natus commodi quia laborum. Atque in beatae ea voluptate soluta aperiam qui soluta. Accusantium et doloremque doloremque aliquam rerum quisquam. Labore id deserunt beatae.','2009-08-28 02:42:46'),(97,97,97,'Sunt quam est architecto accusamus dolore et quibusdam voluptas. Sint consectetur similique quisquam non quae. Et ipsam excepturi iste.','1973-10-28 01:52:17'),(98,98,98,'Totam aut eos aut illo. Eos ullam at non aliquid. Cum atque corporis corrupti et cum quos. Magnam quis dicta et fuga quis.','1999-10-02 22:11:51'),(99,99,99,'Dolores magni nisi et aut delectus. Deleniti laborum consequatur exercitationem. Modi quaerat quas reiciendis quibusdam. Deleniti eligendi quam sed nesciunt et cumque.','1989-05-16 00:26:56'),(100,100,100,'Esse aspernatur dignissimos ut. Qui et ullam dolorum veniam voluptas illo. Laudantium dolore in velit quia ea dolor ipsum.','2000-01-28 23:21:08');
/*!40000 ALTER TABLE `messages` ENABLE KEYS */;
UNLOCK TABLES;

--
-- Table structure for table `photo_albums`
--

DROP TABLE IF EXISTS `photo_albums`;
/*!40101 SET @saved_cs_client     = @@character_set_client */;
/*!40101 SET character_set_client = utf8 */;
CREATE TABLE `photo_albums` (
  `id` bigint(20) unsigned NOT NULL AUTO_INCREMENT,
  `name` varchar(255) COLLATE utf8mb4_unicode_ci DEFAULT NULL,
  `user_id` bigint(20) unsigned DEFAULT NULL,
  PRIMARY KEY (`id`),
  UNIQUE KEY `id` (`id`),
  KEY `user_id` (`user_id`),
  CONSTRAINT `photo_albums_ibfk_1` FOREIGN KEY (`user_id`) REFERENCES `users` (`id`) ON DELETE SET NULL ON UPDATE CASCADE
) ENGINE=InnoDB AUTO_INCREMENT=101 DEFAULT CHARSET=utf8mb4 COLLATE=utf8mb4_unicode_ci;
/*!40101 SET character_set_client = @saved_cs_client */;

--
-- Dumping data for table `photo_albums`
--

LOCK TABLES `photo_albums` WRITE;
/*!40000 ALTER TABLE `photo_albums` DISABLE KEYS */;
INSERT INTO `photo_albums` VALUES (1,'in',1),(2,'voluptatem',2),(3,'odit',3),(4,'aspernatur',4),(5,'rerum',5),(6,'dolorem',6),(7,'dolores',7),(8,'quae',8),(9,'esse',9),(10,'non',10),(11,'nostrum',11),(12,'ex',12),(13,'aut',13),(14,'quidem',14),(15,'dolorum',15),(16,'consequatur',16),(17,'fugiat',17),(18,'ipsa',18),(19,'quos',19),(20,'iusto',20),(21,'ut',21),(22,'voluptatibus',22),(23,'voluptas',23),(24,'iure',24),(25,'tempora',25),(26,'autem',26),(27,'placeat',27),(28,'quis',28),(29,'doloribus',29),(30,'ut',30),(31,'perspiciatis',31),(32,'consectetur',32),(33,'odit',33),(34,'possimus',34),(35,'in',35),(36,'veritatis',36),(37,'et',37),(38,'numquam',38),(39,'dolore',39),(40,'cumque',40),(41,'quis',41),(42,'minima',42),(43,'vel',43),(44,'quibusdam',44),(45,'a',45),(46,'doloribus',46),(47,'autem',47),(48,'illo',48),(49,'repudiandae',49),(50,'distinctio',50),(51,'mollitia',51),(52,'nostrum',52),(53,'eum',53),(54,'et',54),(55,'molestias',55),(56,'et',56),(57,'incidunt',57),(58,'incidunt',58),(59,'enim',59),(60,'dolores',60),(61,'architecto',61),(62,'porro',62),(63,'voluptas',63),(64,'eum',64),(65,'numquam',65),(66,'at',66),(67,'dolor',67),(68,'neque',68),(69,'magnam',69),(70,'est',70),(71,'sit',71),(72,'pariatur',72),(73,'sit',73),(74,'quia',74),(75,'omnis',75),(76,'delectus',76),(77,'blanditiis',77),(78,'eos',78),(79,'itaque',79),(80,'corrupti',80),(81,'voluptas',81),(82,'nihil',82),(83,'animi',83),(84,'illo',84),(85,'ut',85),(86,'reiciendis',86),(87,'velit',87),(88,'optio',88),(89,'doloremque',89),(90,'debitis',90),(91,'voluptatem',91),(92,'quas',92),(93,'facilis',93),(94,'voluptatibus',94),(95,'omnis',95),(96,'et',96),(97,'quia',97),(98,'dignissimos',98),(99,'voluptatem',99),(100,'ipsam',100);
/*!40000 ALTER TABLE `photo_albums` ENABLE KEYS */;
UNLOCK TABLES;

--
-- Table structure for table `photos`
--

DROP TABLE IF EXISTS `photos`;
/*!40101 SET @saved_cs_client     = @@character_set_client */;
/*!40101 SET character_set_client = utf8 */;
CREATE TABLE `photos` (
  `id` bigint(20) unsigned NOT NULL AUTO_INCREMENT,
  `album_id` bigint(20) unsigned NOT NULL,
  `media_id` bigint(20) unsigned NOT NULL,
  PRIMARY KEY (`id`),
  KEY `album_id` (`album_id`),
  KEY `media_id` (`media_id`),
  CONSTRAINT `photos_ibfk_1` FOREIGN KEY (`album_id`) REFERENCES `photo_albums` (`id`) ON DELETE CASCADE ON UPDATE CASCADE,
  CONSTRAINT `photos_ibfk_2` FOREIGN KEY (`media_id`) REFERENCES `media` (`id`) ON DELETE CASCADE ON UPDATE CASCADE
) ENGINE=InnoDB AUTO_INCREMENT=101 DEFAULT CHARSET=utf8mb4 COLLATE=utf8mb4_unicode_ci;
/*!40101 SET character_set_client = @saved_cs_client */;

--
-- Dumping data for table `photos`
--

LOCK TABLES `photos` WRITE;
/*!40000 ALTER TABLE `photos` DISABLE KEYS */;
INSERT INTO `photos` VALUES (1,1,1),(2,2,2),(3,3,3),(4,4,4),(5,5,5),(6,6,6),(7,7,7),(8,8,8),(9,9,9),(10,10,10),(11,11,11),(12,12,12),(13,13,13),(14,14,14),(15,15,15),(16,16,16),(17,17,17),(18,18,18),(19,19,19),(20,20,20),(21,21,21),(22,22,22),(23,23,23),(24,24,24),(25,25,25),(26,26,26),(27,27,27),(28,28,28),(29,29,29),(30,30,30),(31,31,31),(32,32,32),(33,33,33),(34,34,34),(35,35,35),(36,36,36),(37,37,37),(38,38,38),(39,39,39),(40,40,40),(41,41,41),(42,42,42),(43,43,43),(44,44,44),(45,45,45),(46,46,46),(47,47,47),(48,48,48),(49,49,49),(50,50,50),(51,51,51),(52,52,52),(53,53,53),(54,54,54),(55,55,55),(56,56,56),(57,57,57),(58,58,58),(59,59,59),(60,60,60),(61,61,61),(62,62,62),(63,63,63),(64,64,64),(65,65,65),(66,66,66),(67,67,67),(68,68,68),(69,69,69),(70,70,70),(71,71,71),(72,72,72),(73,73,73),(74,74,74),(75,75,75),(76,76,76),(77,77,77),(78,78,78),(79,79,79),(80,80,80),(81,81,81),(82,82,82),(83,83,83),(84,84,84),(85,85,85),(86,86,86),(87,87,87),(88,88,88),(89,89,89),(90,90,90),(91,91,91),(92,92,92),(93,93,93),(94,94,94),(95,95,95),(96,96,96),(97,97,97),(98,98,98),(99,99,99),(100,100,100);
/*!40000 ALTER TABLE `photos` ENABLE KEYS */;
UNLOCK TABLES;

--
-- Table structure for table `profiles`
--

DROP TABLE IF EXISTS `profiles`;
/*!40101 SET @saved_cs_client     = @@character_set_client */;
/*!40101 SET character_set_client = utf8 */;
CREATE TABLE `profiles` (
  `user_id` bigint(20) unsigned NOT NULL AUTO_INCREMENT,
  `gender` char(1) COLLATE utf8mb4_unicode_ci DEFAULT NULL,
  `birthday` date DEFAULT NULL,
  `photo_id` bigint(20) unsigned DEFAULT NULL,
  `created_at` datetime DEFAULT current_timestamp(),
  `hometown` varchar(100) COLLATE utf8mb4_unicode_ci DEFAULT NULL,
  PRIMARY KEY (`user_id`),
  KEY `fk_photo_id` (`photo_id`),
  CONSTRAINT `fk_photo_id` FOREIGN KEY (`photo_id`) REFERENCES `photos` (`id`) ON DELETE SET NULL ON UPDATE CASCADE,
  CONSTRAINT `fk_user_id` FOREIGN KEY (`user_id`) REFERENCES `users` (`id`) ON DELETE CASCADE ON UPDATE CASCADE
) ENGINE=InnoDB AUTO_INCREMENT=101 DEFAULT CHARSET=utf8mb4 COLLATE=utf8mb4_unicode_ci;
/*!40101 SET character_set_client = @saved_cs_client */;

--
-- Dumping data for table `profiles`
--

LOCK TABLES `profiles` WRITE;
/*!40000 ALTER TABLE `profiles` DISABLE KEYS */;
INSERT INTO `profiles` VALUES (1,'m','2013-09-18',1,'1996-02-03 06:04:36',NULL),(2,'m','1992-01-13',2,'2017-06-13 07:40:15',NULL),(3,'m','1976-03-10',3,'2013-09-15 12:04:18',NULL),(4,'m','1986-01-06',4,'2021-08-12 13:46:32',NULL),(5,'f','1994-03-23',5,'2021-11-12 08:56:04',NULL),(6,'m','2010-03-01',6,'2012-02-22 03:41:16',NULL),(7,'f','2008-02-27',7,'1992-05-25 15:59:44',NULL),(8,'m','1981-06-16',8,'1992-06-19 19:31:52',NULL),(9,'f','1990-02-12',9,'2006-04-12 21:22:12',NULL),(10,'f','1986-03-23',10,'1989-07-20 23:03:00',NULL),(11,'m','2020-11-07',11,'1988-07-31 10:02:38',NULL),(12,'m','2018-04-26',12,'2008-01-01 05:18:55',NULL),(13,'f','2012-02-24',13,'1990-08-01 17:36:31',NULL),(14,'m','2021-09-21',14,'1973-08-10 15:04:47',NULL),(15,'m','2011-04-12',15,'2020-07-19 09:59:29',NULL),(16,'f','2017-04-06',16,'2010-02-06 06:24:10',NULL),(17,'f','1970-11-29',17,'1979-11-23 15:11:11',NULL),(18,'m','2016-05-25',18,'2005-03-31 22:33:07',NULL),(19,'f','1982-12-24',19,'2005-01-07 10:12:53',NULL),(20,'m','1996-03-16',20,'1995-01-15 16:10:33',NULL),(21,'m','1985-08-26',21,'1999-04-19 06:44:27',NULL),(22,'f','2005-02-24',22,'2006-02-07 01:48:33',NULL),(23,'m','1981-07-01',23,'1999-12-26 02:20:52',NULL),(24,'m','1971-03-05',24,'2002-06-28 14:56:24',NULL),(25,'f','2000-07-23',25,'1990-08-06 05:31:59',NULL),(26,'m','1978-08-14',26,'1979-03-14 07:10:38',NULL),(27,'f','2013-11-05',27,'1997-04-05 13:57:58',NULL),(28,'m','1993-05-10',28,'1998-09-29 19:01:31',NULL),(29,'m','1997-11-18',29,'1979-03-20 13:24:33',NULL),(30,'m','1998-09-27',30,'1999-04-05 07:11:01',NULL),(31,'m','1978-06-09',31,'1974-05-09 04:53:36',NULL),(32,'m','1972-07-17',32,'1981-10-16 14:14:44',NULL),(33,'m','1972-03-31',33,'2010-06-01 04:23:25',NULL),(34,'m','1979-11-08',34,'2003-01-16 10:35:05',NULL),(35,'f','1996-12-19',35,'2004-10-23 10:01:52',NULL),(36,'f','2001-09-04',36,'1975-10-11 12:37:56',NULL),(37,'m','2008-02-04',37,'2006-04-29 08:23:05',NULL),(38,'f','2011-04-30',38,'1977-03-08 04:46:09',NULL),(39,'m','2012-01-25',39,'1990-08-19 16:15:05',NULL),(40,'m','2020-06-09',40,'2002-01-26 13:46:13',NULL),(41,'m','1979-02-24',41,'1982-09-03 15:19:30',NULL),(42,'m','1992-01-14',42,'1974-07-06 16:02:51',NULL),(43,'f','1985-08-09',43,'1984-08-10 03:29:39',NULL),(44,'f','2013-03-17',44,'2001-12-09 07:58:06',NULL),(45,'f','1986-10-18',45,'1998-12-30 16:31:41',NULL),(46,'f','1970-07-23',46,'2002-01-26 15:58:06',NULL),(47,'m','2012-11-13',47,'1983-10-16 07:08:04',NULL),(48,'f','2017-09-16',48,'1981-03-05 12:47:32',NULL),(49,'m','2003-09-19',49,'2003-05-29 10:09:10',NULL),(50,'m','1978-11-05',50,'1978-04-01 01:41:02',NULL),(51,'f','2010-07-10',51,'2015-07-15 16:03:52',NULL),(52,'m','1973-05-21',52,'2004-01-30 20:01:59',NULL),(53,'f','1979-11-11',53,'2006-08-03 20:13:53',NULL),(54,'m','2006-10-04',54,'2002-01-05 16:02:43',NULL),(55,'f','1979-09-05',55,'1989-10-03 04:08:37',NULL),(56,'f','2007-11-15',56,'1975-06-14 17:37:40',NULL),(57,'f','2019-12-12',57,'1991-03-01 04:26:33',NULL),(58,'f','1973-08-02',58,'1993-05-02 00:18:34',NULL),(59,'f','1976-02-22',59,'2006-01-19 10:39:53',NULL),(60,'f','2004-02-01',60,'1989-09-06 01:16:40',NULL),(61,'m','1973-02-18',61,'2013-01-23 07:19:57',NULL),(62,'f','1978-06-13',62,'1975-03-14 21:12:52',NULL),(63,'m','1981-04-16',63,'1985-03-07 00:04:19',NULL),(64,'m','2012-10-26',64,'1983-11-12 14:03:11',NULL),(65,'m','1995-02-05',65,'2010-08-08 07:29:05',NULL),(66,'f','1990-12-24',66,'1993-05-09 17:14:26',NULL),(67,'f','1990-12-10',67,'2011-05-27 02:21:09',NULL),(68,'m','2015-09-22',68,'1986-12-08 02:48:33',NULL),(69,'m','1978-05-29',69,'1978-04-14 16:17:23',NULL),(70,'f','2007-10-02',70,'1986-06-24 01:58:10',NULL),(71,'m','2013-09-21',71,'1975-07-16 15:30:24',NULL),(72,'f','1991-10-15',72,'2005-05-14 13:03:43',NULL),(73,'f','1989-03-14',73,'1989-11-03 19:09:21',NULL),(74,'f','2013-05-17',74,'1980-07-24 00:40:50',NULL),(75,'m','2006-06-15',75,'2012-02-04 21:26:55',NULL),(76,'f','2009-05-05',76,'2010-01-05 05:06:50',NULL),(77,'f','1973-02-01',77,'1971-07-02 02:42:02',NULL),(78,'f','1984-07-26',78,'1991-11-18 22:25:48',NULL),(79,'f','2009-11-29',79,'1984-07-07 10:41:20',NULL),(80,'m','2002-08-01',80,'1980-05-01 06:09:06',NULL),(81,'f','2016-11-24',81,'1983-02-13 18:56:41',NULL),(82,'m','2002-02-05',82,'1973-06-03 19:10:53',NULL),(83,'f','2018-06-14',83,'2001-03-30 18:03:08',NULL),(84,'m','2012-05-16',84,'2020-11-28 00:56:40',NULL),(85,'m','2015-09-19',85,'2001-12-31 22:51:24',NULL),(86,'m','2001-09-11',86,'2014-11-25 12:47:13',NULL),(87,'f','1994-01-20',87,'1979-09-25 07:23:19',NULL),(88,'m','2002-07-12',88,'2008-02-03 13:28:44',NULL),(89,'f','1983-07-30',89,'1980-02-12 16:33:46',NULL),(90,'m','1985-05-20',90,'2001-06-02 16:12:46',NULL),(91,'m','2012-02-09',91,'2005-05-24 16:12:44',NULL),(92,'f','2018-01-07',92,'1984-07-11 05:31:50',NULL),(93,'m','1976-04-01',93,'2007-06-02 01:43:58',NULL),(94,'m','2021-06-02',94,'2015-04-26 16:57:57',NULL),(95,'f','2012-11-12',95,'1999-09-03 05:29:50',NULL),(96,'f','1996-12-31',96,'1998-02-22 11:01:58',NULL),(97,'m','2015-08-11',97,'1987-06-19 06:48:20',NULL),(98,'m','1994-03-19',98,'1982-10-27 02:47:16',NULL),(99,'m','2020-09-05',99,'2020-04-09 03:36:05',NULL),(100,'m','1973-02-15',100,'1987-01-23 05:36:43',NULL);
/*!40000 ALTER TABLE `profiles` ENABLE KEYS */;
UNLOCK TABLES;

--
-- Table structure for table `users`
--

DROP TABLE IF EXISTS `users`;
/*!40101 SET @saved_cs_client     = @@character_set_client */;
/*!40101 SET character_set_client = utf8 */;
CREATE TABLE `users` (
  `id` bigint(20) unsigned NOT NULL AUTO_INCREMENT,
  `firstname` varchar(100) COLLATE utf8mb4_unicode_ci DEFAULT NULL,
  `lastname` varchar(100) COLLATE utf8mb4_unicode_ci DEFAULT NULL COMMENT '',
  `email` varchar(100) COLLATE utf8mb4_unicode_ci DEFAULT NULL,
  `password_hash` varchar(100) COLLATE utf8mb4_unicode_ci DEFAULT NULL,
  `phone` bigint(20) DEFAULT NULL,
  `is_deleted` bit(1) DEFAULT b'0',
  PRIMARY KEY (`id`),
  UNIQUE KEY `email` (`email`),
  KEY `users_firstname_lastname_idx` (`firstname`,`lastname`)
) ENGINE=InnoDB AUTO_INCREMENT=101 DEFAULT CHARSET=utf8mb4 COLLATE=utf8mb4_unicode_ci;
/*!40101 SET character_set_client = @saved_cs_client */;

--
-- Dumping data for table `users`
--

LOCK TABLES `users` WRITE;
/*!40000 ALTER TABLE `users` DISABLE KEYS */;
INSERT INTO `users` VALUES (1,'Pierce','Feeney','jerrold.schmidt@example.net','c01edaf143995e882165a1337570ed46caaff30c',91250451706,''),(2,'Alexandrea','Kuhic','quinten70@example.com','99dcea9a271e503312710b95772c480ae856e58a',92920515166,''),(3,'Fleta','Oberbrunner','athena.flatley@example.net','e57c22bf0d450d5a5fa95ec6e596c62a065fede6',94603579055,''),(4,'Patsy','Luettgen','elangosh@example.org','e8d557f97f54036deb1d8a339f605e464aec478f',92432831475,'\0'),(5,'Abbigail','Pollich','denis93@example.com','59445555adf47308b420b48a58ccf63cd6f49429',99233956834,'\0'),(6,'Schuyler','Blick','ibreitenberg@example.org','1ebbead63ba60d0b83bf4e5bfc0f5dc4373ec1c1',94197355110,''),(7,'Stewart','Leannon','theaney@example.com','ecdeb623c880d38a3c4838b2e5d2a2afbfe20f43',93789746232,'\0'),(8,'Karelle','Purdy','freddie.upton@example.org','1d2b1da3b74a12081ce2d17dd8d2012f48176e17',91869317066,''),(9,'Milford','Hermiston','bessie.ritchie@example.com','e942af6719291a50923a1548b30c70c9cfdb0758',96958753353,'\0'),(10,'Donald','Breitenberg','tara31@example.com','13941c5853bbe9b62ea1fab96d732d188908ce6c',93276513597,''),(11,'Amari','Tillman','marks.craig@example.com','4b2d968cbfa1fccb030359db63c91215332467d5',97142278122,'\0'),(12,'Cora','Olson','murphy.kenyatta@example.org','e2c8f44dc567a9b403908259e215abc14f0df542',91358526662,'\0'),(13,'Colt','Kiehn','rhett02@example.org','7e4548b0220bcba187ec0ada393a7bf448f04732',95908920092,''),(14,'Laura','Langworth','hamill.madison@example.net','dd02f030264d3b6a99ee66a6f83071306dca1ba2',90412329007,''),(15,'Titus','Haag','fernando69@example.com','f93443170b1173925f2bc4bd79fe3e15268f6db9',92058885508,''),(16,'Kendra','Leuschke','cfeest@example.net','bfc32043e7889f4a16a4368927a281961b086057',96502914454,'\0'),(17,'Mellie','Howe','danyka.adams@example.net','afc80066bf957d553cf96a5df4968978373b7ac6',91152321767,''),(18,'Maeve','Lakin','fjohns@example.net','e1f2a4d6fdd134e70d365abf04d1afa1cb49beb8',96226047252,'\0'),(19,'Mateo','Donnelly','mraz.wilma@example.net','e4903f5edf61dbd997c4daf32a081ada6f63cc90',97562349688,''),(20,'Betty','Gibson','sim29@example.org','467655f9f9e7a0829878f6746c07a02d71d62e94',90031638267,''),(21,'Nestor','Goyette','norberto.dare@example.net','a8708719726733b1d7811bc3289cc060e3249e98',98618985436,'\0'),(22,'Domenic','Roob','gjohns@example.org','bb001c2c4e0e8147a1e0ab09d00ecfca2f57302d',99264647284,'\0'),(23,'Cornelius','Bashirian','nicolas.nya@example.org','37acfa4ad35ee42e2842fc071ff5790796778758',97088014407,''),(24,'Jamar','Quigley','jodie.howe@example.com','9a1badbedddcc5606a02acf9985e6e39b77e75ec',99694954067,''),(25,'Jo','Will','oreichel@example.net','0a0d5fc3190d780a8dc98170b54d6a2d86ac4776',99272246327,'\0'),(26,'Betty','Mueller','christian.kunze@example.com','f41acd50e1cf594f640dd078e848f1054cdb3d95',97724312104,''),(27,'Marcelina','Schinner','mittie.hickle@example.net','df8c68aaf6150b12b89ed6e0135ded24a47d9081',92849404976,''),(28,'Marcelino','Weber','lindgren.geovanni@example.net','cc2e6f075a7cf565ede2f81322cbb1b6c5f3ffd1',90596941756,''),(29,'Janice','Morar','godfrey45@example.com','0cff0b20281400ba4ffe349321585c6b74f9da5f',97979633886,'\0'),(30,'Octavia','Bergnaum','sydney34@example.org','8a991a3fbd967415cb6790d85a09a85f5a5fb5fa',93202062325,'\0'),(31,'Dillan','Howell','qkonopelski@example.org','68b25bd2e8ba73f69c3d939a844225e7fddfc3a5',95428348414,'\0'),(32,'Casimer','Kirlin','emmerich.ocie@example.org','bb3370d92e663e16df91603c9ff15113b41bc20a',99473530668,''),(33,'Monica','Herzog','mccullough.noel@example.net','4fdffdcfc30406f0b4a6920a7610ec42ccc9e7f5',91862411523,''),(34,'Shirley','Bins','jaida30@example.net','f4846c75b549a82516b728b94d282f73cdf14fdd',93749186645,'\0'),(35,'Freeman','Dibbert','sanford.pearl@example.net','9f72c3399fdfd048b8654198793a1eec0603cffb',99813057435,'\0'),(36,'Jairo','Halvorson','ygreenholt@example.net','2df39f1ddf5e2f979dc6e15313bf3c1c0ab91279',97963949850,''),(37,'Crawford','Von','adeckow@example.net','6490f4cbe9fc3ad5e5f15ea40a8c7350a34cfd58',97807800517,'\0'),(38,'Emerson','Lueilwitz','marquardt.alessandro@example.com','2a2c509c7348408bb8b2f81d26a6f72d00e7b32b',94646944340,''),(39,'Kelsie','Stamm','reichel.sedrick@example.org','56b3f8818c2594e21caed349063e08a2df85c092',93768261747,'\0'),(40,'Blanca','Veum','antwon.gerhold@example.com','9922a3ec4f38d818ae834637cb0f8cf2841a4df7',93795260146,'\0'),(41,'Royce','Schultz','ruthie19@example.com','1d849a2dba72d30b835385bddfc40d32394fb31e',94076726811,''),(42,'Rebekah','Powlowski','velma.gleason@example.com','71f24e63642932c3822996cb5171079769343b7f',96391237474,'\0'),(43,'Elisa','Predovic','oleta.willms@example.com','daf3da215aaf456b9f5c5274b253bc279b1d6d32',93740637448,'\0'),(44,'Elliot','Graham','noelia.lakin@example.org','ba3a8c4064962f365346e740bd3f81ec29de0d76',99443980128,'\0'),(45,'Jacquelyn','Wisoky','alejandrin.raynor@example.org','468ab90c32b2cb4e1e2cceb4b9ffbc3a74909c00',96940617806,''),(46,'Herta','Keebler','kessler.isabelle@example.com','ad8919546461d5219add9246c8a8e7d54f9f0dfc',92768574242,'\0'),(47,'Celine','Rosenbaum','alberta.cummings@example.net','38ec4cbfd810eff7855d7afbae50440cc7f74fc5',92374311789,''),(48,'Torrance','Murray','egusikowski@example.org','c97320a7801b0818ec84aaba3817b7794a7dbd1b',95665163563,'\0'),(49,'Isom','DuBuque','christiansen.pinkie@example.org','4682b7763565c6ba1b3b84ddb72d0b1cc5e6ae12',99763619549,''),(50,'Brannon','Crona','kovacek.isabell@example.org','2ef049a4117d65eb39cde3f28d703c038f7069f1',92002259205,'\0'),(51,'Derrick','McKenzie','hhalvorson@example.org','8ee71e1a355ae206d6d59b050250c2691e445f3e',99851789483,''),(52,'Crystal','Cole','natalie.harris@example.com','a7a57284ed1f16569dfb6a6dff77041934e6620b',96868526095,''),(53,'Clare','Schulist','graynor@example.net','6c209c7acc76f6e5105c31a7ae16670ab8da0264',95412004345,''),(54,'Leda','Effertz','umayert@example.net','09c1822cd235517eaf294b46d7f4590de5e4047f',96616611991,'\0'),(55,'Joshua','Von','remington20@example.com','5f4e73e0b2c1cba195a372973617b059aaf6448e',98190448250,'\0'),(56,'Pinkie','Parisian','gleichner.aletha@example.net','4895e87f0e6f67334f9d6bb5c673194c3fb7f0de',97070588528,''),(57,'Savanah','Lehner','sarah64@example.com','7307b2b59e172f8ce5bd486fc4bd2accf335a1a5',92373194160,'\0'),(58,'Lorenzo','Swift','bbode@example.net','0cb1668d03fe28ab3f734351c900682e0f0fcaaf',98422323170,''),(59,'Raphael','Shields','fay32@example.org','d8ed24625a18145b2191435857b53ef456cb3383',99052711072,''),(60,'Rolando','Deckow','kbeatty@example.com','73d54c2b6502dd282ba80eba3e2e1f39948b76fd',99256229413,''),(61,'Brad','Volkman','mariam95@example.org','45fad2fd5b058634202cdee43d5790d145bfea36',98160869920,''),(62,'Erwin','Douglas','reilly25@example.org','f6f33816d96deeb3ce1bc33e18af11c54565263a',95832320864,'\0'),(63,'Tracy','Hintz','brooklyn78@example.net','a933d1e989a828194eb25d2bac987d3cd63dff2a',98305126250,'\0'),(64,'Araceli','Heidenreich','vernon.crist@example.com','bad0c6c41369838375fae5ee8bfe813ee018c837',94423352300,''),(65,'Beth','Yost','pdavis@example.org','5b4bc0d785db4281e7d17ee92aa2b28dda49f8df',90673515308,'\0'),(66,'Demarco','Cartwright','nwatsica@example.com','896021a6ae965360c9357b87c6109009b77871cc',97414228858,'\0'),(67,'Aylin','Okuneva','gislason.lennie@example.com','3d5b197fd4cdd3ee893a233bf0f86e3a371cddfe',98845301525,'\0'),(68,'Lawrence','Kohler','abotsford@example.com','dcf1fa303a97a0b4579dd44e487d2812bc609699',91220037244,''),(69,'Craig','Terry','nolan.wilson@example.org','70d87a6d67cd6d8fc9d9121a1c2e261952ae8474',91963441545,'\0'),(70,'Freddie','Dickens','ezra.harber@example.net','de4e230d4e3d5e6dd266e41e867a93c5bf34010a',97165207181,'\0'),(71,'Camilla','Bednar','emiliano.kovacek@example.com','d597308cc3bc1f740921464ff026a5308616a8e8',99113658591,''),(72,'Dexter','Auer','efay@example.org','9be958cf95b7fa3f4a9e30855f8cb2f90035947f',93872307247,'\0'),(73,'Aiden','Sawayn','reed.muller@example.net','4f756de59ed7df15aab3d433db716ebe75ac5a24',90186171155,''),(74,'Germaine','Von','jarrell30@example.net','5e716d17ce808f739e937cfd65043080a02de65e',98506283917,'\0'),(75,'Giovanna','Wuckert','urban60@example.net','324d757dc206d7de4b46f5cd2623d38e44772232',96068559096,'\0'),(76,'Estevan','Lakin','dillon12@example.com','e849928b037d1c06370adf8937d7912bd40d0066',97335037908,''),(77,'Herminia','Windler','wgibson@example.com','e4ea6281b6c3e17674681807c7a82ffb42d3488a',96910629154,'\0'),(78,'Marilou','Rempel','lubowitz.fannie@example.org','1c067e564ebbcc81a2ba086b75c5053402930ab5',96107463327,''),(79,'Hal','Rosenbaum','mertz.geovany@example.org','cd9d9e72fc02b2e931a1a5fb021a0f8b8a4ded3d',94649122988,''),(80,'Ottis','Heller','kendra.cole@example.net','9694f2087615e31f64ad759a57f297551dd9ebb2',96897664818,'\0'),(81,'Alisa','Kling','brown.kenny@example.org','cce0840ffdcc59a0089a47d7eec44f6dbc15e71a',98494388366,''),(82,'Leslie','White','robin.stracke@example.org','884163261b56d8153fa59c40aefd4f62817299df',94834032247,''),(83,'Roger','Kiehn','lavon.dickinson@example.net','5a073f9bf68d4b4a4fbee6c9528a406c9fa9a417',97890243379,''),(84,'Lessie','Fahey','lorine88@example.net','4e4529401152320bc8ab9ea207c6bd5eefa0e3ec',99040537601,'\0'),(85,'Oda','Powlowski','moen.justus@example.net','0e9fbddc90f75aece8d0a3ca04f5df12f9490301',98834379901,'\0'),(86,'Connie','Konopelski','moriah.deckow@example.com','ab15d483b058749e47aac54bca2a67c3ea73ebb3',90217181626,''),(87,'Benton','Rutherford','ward.alessia@example.net','181303dfe5bfdb115b88ec57bc50beec0820d36a',95439337894,'\0'),(88,'Quinten','White','mccullough.yadira@example.org','380b64f4619687d8fa4821385f21eab7c452868c',98180766137,'\0'),(89,'Herminia','Kub','langworth.diana@example.org','bc2e2bcfccba5bd621989100231b9b536e4e7b36',99854833203,'\0'),(90,'Gabrielle','Kirlin','haylie.crist@example.org','bfcc73131a2b010ea1a9a52d1624578a0abd2cee',93041966531,''),(91,'Brett','Kub','harley.langworth@example.org','73c0c8c2fd9f1f2b24a101f0744301c5f874b886',92758223276,'\0'),(92,'Mohammed','Jenkins','ibeier@example.com','897e89629faeb0b36f89eb9734ef177aca724c0a',95958303141,''),(93,'Zetta','Cummings','issac.langworth@example.com','ca421274c84a782fa393da289f21eb03daaf82e8',91500136345,''),(94,'Sarah','Lehner','lesch.miracle@example.org','9632768159dfbef6a15caeec46b6ddd79bd7d81d',98367772846,'\0'),(95,'Hipolito','McClure','yoshiko40@example.net','774fcb7f8085aa2ff1d776cbc82aaf6277983f1c',99944421080,'\0'),(96,'Jannie','Ortiz','maymie.fay@example.com','65ab2dffe7d87b9795d54d0be9e725dfb03230b4',95867706539,'\0'),(97,'Charlotte','Ankunding','reichel.jerel@example.org','4f7e85af57ab521e72cf48ed3ba8e65eae791bb6',99348252098,''),(98,'Ava','Metz','stamm.jarret@example.net','b150082b7023c1132348ef01a5699247c738a635',99811066123,'\0'),(99,'Gavin','Kris','coy.nader@example.org','136e44e132e3b40f36dca02f6a2bef164828068e',98278490755,'\0'),(100,'Reece','Hane','ondricka.margot@example.net','15a0276810665eed9b6d35d56a683b1ce1c3cbfc',96814957184,'\0');
/*!40000 ALTER TABLE `users` ENABLE KEYS */;
UNLOCK TABLES;

--
-- Table structure for table `users_communities`
--

DROP TABLE IF EXISTS `users_communities`;
/*!40101 SET @saved_cs_client     = @@character_set_client */;
/*!40101 SET character_set_client = utf8 */;
CREATE TABLE `users_communities` (
  `user_id` bigint(20) unsigned NOT NULL,
  `community_id` bigint(20) unsigned NOT NULL,
  PRIMARY KEY (`user_id`,`community_id`),
  KEY `community_id` (`community_id`),
  CONSTRAINT `users_communities_ibfk_1` FOREIGN KEY (`user_id`) REFERENCES `users` (`id`) ON DELETE CASCADE ON UPDATE CASCADE,
  CONSTRAINT `users_communities_ibfk_2` FOREIGN KEY (`community_id`) REFERENCES `communities` (`id`) ON DELETE CASCADE ON UPDATE CASCADE
) ENGINE=InnoDB DEFAULT CHARSET=utf8mb4 COLLATE=utf8mb4_unicode_ci;
/*!40101 SET character_set_client = @saved_cs_client */;

--
-- Dumping data for table `users_communities`
--

LOCK TABLES `users_communities` WRITE;
/*!40000 ALTER TABLE `users_communities` DISABLE KEYS */;
INSERT INTO `users_communities` VALUES (1,1),(2,2),(3,3),(4,4),(5,5),(6,6),(7,7),(8,8),(9,9),(10,10),(11,11),(12,12),(13,13),(14,14),(15,15),(16,16),(17,17),(18,18),(19,19),(20,20),(21,21),(22,22),(23,23),(24,24),(25,25),(26,26),(27,27),(28,28),(29,29),(30,30),(31,31),(32,32),(33,33),(34,34),(35,35),(36,36),(37,37),(38,38),(39,39),(40,40),(41,41),(42,42),(43,43),(44,44),(45,45),(46,46),(47,47),(48,48),(49,49),(50,50),(51,51),(52,52),(53,53),(54,54),(55,55),(56,56),(57,57),(58,58),(59,59),(60,60),(61,61),(62,62),(63,63),(64,64),(65,65),(66,66),(67,67),(68,68),(69,69),(70,70),(71,71),(72,72),(73,73),(74,74),(75,75),(76,76),(77,77),(78,78),(79,79),(80,80),(81,81),(82,82),(83,83),(84,84),(85,85),(86,86),(87,87),(88,88),(89,89),(90,90),(91,91),(92,92),(93,93),(94,94),(95,95),(96,96),(97,97),(98,98),(99,99),(100,100);
/*!40000 ALTER TABLE `users_communities` ENABLE KEYS */;
UNLOCK TABLES;
/*!40103 SET TIME_ZONE=@OLD_TIME_ZONE */;

-- Dump completed on 2021-12-29 13:40:19


